Postcode,State,Fuel Type,Registrations as at 31 January 2022,Total personal income (weekly),Age,Population,Income_Midpoint,Age_Midpoint
4000,QLD,Hybrid,2511," $3,500 or more", 35-44 years,255,3500+,39.5
4000,QLD,Hybrid,2511, $800-$999, 15-19 years,21,899.5,17.0
4000,QLD,Hybrid,2511, Negative/Nil income, 45-54 years,125,0,49.5
4000,QLD,Hybrid,2511," $1,750-$1,999", 45-54 years,127,1874.5,49.5
4000,QLD,Hybrid,2511," $2,000-$2,999", 85 years and over,4,2499.5,85+
4000,QLD,Hybrid,2511, $400-$499, 20-24 years,250,449.5,22.0
4000,QLD,Hybrid,2511, Total, 15-19 years,1093,0,17.0
4000,QLD,Hybrid,2511, $800-$999, 20-24 years,294,899.5,22.0
4000,QLD,Hybrid,2511," $1,250-$1,499", 20-24 years,157,1374.5,22.0
4000,QLD,Hybrid,2511," $2,000-$2,999", 25-34 years,491,2499.5,29.5
4000,QLD,Hybrid,2511," $3,500 or more", 25-34 years,92,3500+,29.5
4000,QLD,Hybrid,2511, $150-$299, 75-84 years,13,224.5,79.5
4000,QLD,Hybrid,2511," $1,000-$1,249", 45-54 years,136,1124.5,49.5
4000,QLD,Hybrid,2511, $300-$399, 35-44 years,122,349.5,39.5
4000,QLD,Hybrid,2511, $400-$499, 75-84 years,55,449.5,79.5
4000,QLD,Hybrid,2511," $1,000-$1,249", 55-64 years,115,1124.5,59.5
4000,QLD,Hybrid,2511, Total, 65-74 years,1091,0,69.5
4000,QLD,Hybrid,2511," $3,000-$3499", 65-74 years,38,3249.5,69.5
4000,QLD,Hybrid,2511," $3,500 or more", 55-64 years,252,3500+,59.5
4000,QLD,Hybrid,2511, $1-$149, 15-19 years,133,75.0,17.0
4000,QLD,Hybrid,2511, Total, 55-64 years,1718,0,59.5
4000,QLD,Hybrid,2511," $1,750-$1,999", 65-74 years,47,1874.5,69.5
4000,QLD,Hybrid,2511, Total, 85 years and over,98,0,85+
4000,QLD,Hybrid,2511, $650-$799, 45-54 years,67,724.5,49.5
4000,QLD,Hybrid,2511, $300-$399, 65-74 years,69,349.5,69.5
4000,QLD,Hybrid,2511, $800-$999, 65-74 years,75,899.5,69.5
4000,QLD,Hybrid,2511," $1,250-$1,499", 35-44 years,219,1374.5,39.5
4000,QLD,Hybrid,2511," $3,000-$3499", 20-24 years,6,3249.5,22.0
4000,QLD,Hybrid,2511, $1-$149, 25-34 years,48,75.0,29.5
4000,QLD,Hybrid,2511," $3,000-$3499", 35-44 years,146,3249.5,39.5
4000,QLD,Hybrid,2511, $650-$799, 25-34 years,628,724.5,29.5
4000,QLD,Hybrid,2511, $150-$299, 45-54 years,41,224.5,49.5
4000,QLD,Hybrid,2511, $300-$399, 85 years and over,8,349.5,85+
4000,QLD,Hybrid,2511," $1,000-$1,249", 85 years and over,11,1124.5,85+
4000,QLD,Hybrid,2511, $300-$399, 15-19 years,141,349.5,17.0
4000,QLD,Hybrid,2511, $400-$499, 45-54 years,56,449.5,49.5
4000,QLD,Hybrid,2511, Total, 35-44 years,3228,0,39.5
4000,QLD,Hybrid,2511," $1,250-$1,499", 65-74 years,57,1374.5,69.5
4000,QLD,Hybrid,2511, $800-$999, 35-44 years,210,899.5,39.5
4000,QLD,Hybrid,2511," $2,000-$2,999", 55-64 years,198,2499.5,59.5
4000,QLD,Hybrid,2511," $3,500 or more", 75-84 years,28,3500+,79.5
4000,QLD,Hybrid,2511, $400-$499, 55-64 years,56,449.5,59.5
4000,QLD,Hybrid,2511," $1,750-$1,999", 20-24 years,29,1874.5,22.0
4000,QLD,Hybrid,2511, $650-$799, 75-84 years,37,724.5,79.5
4000,QLD,Hybrid,2511, $1-$149, 65-74 years,39,75.0,69.5
4000,QLD,Hybrid,2511, $650-$799, 55-64 years,68,724.5,59.5
4000,QLD,Hybrid,2511, $150-$299, 20-24 years,209,224.5,22.0
4000,QLD,Hybrid,2511," $1,250-$1,499", 15-19 years,9,1374.5,17.0
4000,QLD,Hybrid,2511," $1,750-$1,999", 75-84 years,17,1874.5,79.5
4000,QLD,Hybrid,2511, $650-$799, 65-74 years,78,724.5,69.5
4000,QLD,Hybrid,2511, $1-$149, 55-64 years,34,75.0,59.5
4000,QLD,Hybrid,2511, $650-$799, 20-24 years,340,724.5,22.0
4000,QLD,Hybrid,2511," $3,500 or more", 85 years and over,9,3500+,85+
4000,QLD,Hybrid,2511, $1-$149, 35-44 years,40,75.0,39.5
4000,QLD,Hybrid,2511," $1,750-$1,999", 55-64 years,99,1874.5,59.5
4000,QLD,Hybrid,2511," $1,000-$1,249", 75-84 years,29,1124.5,79.5
4000,QLD,Hybrid,2511, $650-$799, 85 years and over,5,724.5,85+
4000,QLD,Hybrid,2511," $3,000-$3499", 45-54 years,105,3249.5,49.5
4000,QLD,Hybrid,2511," $3,500 or more", 45-54 years,301,3500+,49.5
4000,QLD,Hybrid,2511," $1,000-$1,249", 25-34 years,789,1124.5,29.5
4000,QLD,Hybrid,2511, $400-$499, 25-34 years,260,449.5,29.5
4000,QLD,Hybrid,2511, $1-$149, 85 years and over,3,75.0,85+
4000,QLD,Hybrid,2511, $1-$149, 20-24 years,84,75.0,22.0
4000,QLD,Hybrid,2511," $3,500 or more", 65-74 years,87,3500+,69.5
4000,QLD,Hybrid,2511, Total, 25-34 years,6378,0,29.5
4000,QLD,Hybrid,2511," $1,250-$1,499", 45-54 years,139,1374.5,49.5
4000,QLD,Hybrid,2511," $1,750-$1,999", 35-44 years,246,1874.5,39.5
4000,QLD,Hybrid,2511," $1,250-$1,499", 25-34 years,522,1374.5,29.5
4000,QLD,Hybrid,2511, $150-$299, 65-74 years,41,224.5,69.5
4000,QLD,Hybrid,2511, $800-$999, 75-84 years,12,899.5,79.5
4000,QLD,Hybrid,2511, $400-$499, 85 years and over,8,449.5,85+
4000,QLD,Hybrid,2511, $650-$799, 35-44 years,154,724.5,39.5
4000,QLD,Hybrid,2511," $1,500-$1,749", 65-74 years,36,1624.5,69.5
4000,QLD,Hybrid,2511," $2,000-$2,999", 20-24 years,32,2499.5,22.0
4000,QLD,Hybrid,2511, $500-$649, 55-64 years,70,574.5,59.5
4000,QLD,Hybrid,2511, Not stated, 75-84 years,43,0,79.5
4000,QLD,Hybrid,2511, Negative/Nil income, 35-44 years,183,0,39.5
4000,QLD,Hybrid,2511, $800-$999, 85 years and over,6,899.5,85+
4000,QLD,Hybrid,2511," $3,000-$3499", 55-64 years,75,3249.5,59.5
4000,QLD,Hybrid,2511, $400-$499, 15-19 years,86,449.5,17.0
4000,QLD,Hybrid,2511, Total, 75-84 years,421,0,79.5
4000,QLD,Hybrid,2511, $150-$299, 15-19 years,151,224.5,17.0
4000,QLD,Hybrid,2511, $300-$399, 45-54 years,79,349.5,49.5
4000,QLD,Hybrid,2511, $500-$649, 75-84 years,45,574.5,79.5
4000,QLD,Hybrid,2511, $500-$649, 15-19 years,81,574.5,17.0
4000,QLD,Hybrid,2511," $1,000-$1,249", 65-74 years,78,1124.5,69.5
4000,QLD,Hybrid,2511, $800-$999, 25-34 years,739,899.5,29.5
4000,QLD,Hybrid,2511, Not stated, 25-34 years,603,0,29.5
4000,QLD,Hybrid,2511," $1,250-$1,499", 75-84 years,24,1374.5,79.5
4000,QLD,Hybrid,2511," $1,750-$1,999", 25-34 years,318,1874.5,29.5
4000,QLD,Hybrid,2511, Total, 20-24 years,3067,0,22.0
4000,QLD,Hybrid,2511," $1,500-$1,749", 55-64 years,110,1624.5,59.5
4000,QLD,Hybrid,2511, $300-$399, 20-24 years,279,349.5,22.0
4000,QLD,Hybrid,2511," $1,000-$1,249", 35-44 years,248,1124.5,39.5
4000,QLD,Hybrid,2511, $1-$149, 75-84 years,10,75.0,79.5
4000,QLD,Hybrid,2511, $650-$799, 15-19 years,53,724.5,17.0
4000,QLD,Hybrid,2511, Negative/Nil income, 55-64 years,143,0,59.5
4000,QLD,Hybrid,2511," $1,500-$1,749", 75-84 years,15,1624.5,79.5
4000,QLD,Hybrid,2511, $400-$499, 35-44 years,93,449.5,39.5
4000,QLD,Hybrid,2511," $1,250-$1,499", 55-64 years,95,1374.5,59.5
4000,QLD,Hybrid,2511, Not stated, 15-19 years,69,0,17.0
4000,QLD,Hybrid,2511," $2,000-$2,999", 65-74 years,58,2499.5,69.5
4000,QLD,Hybrid,2511," $1,500-$1,749", 15-19 years,3,1624.5,17.0
4000,QLD,Hybrid,2511, Not stated, 45-54 years,179,0,49.5
4000,QLD,Hybrid,2511," $1,000-$1,249", 20-24 years,254,1124.5,22.0
4000,QLD,Hybrid,2511," $1,500-$1,749", 35-44 years,227,1624.5,39.5
4000,QLD,Hybrid,2511, $300-$399, 75-84 years,42,349.5,79.5
4000,QLD,Hybrid,2511, $800-$999, 45-54 years,105,899.5,49.5
4000,QLD,Hybrid,2511, $150-$299, 25-34 years,105,224.5,29.5
4000,QLD,Hybrid,2511, Negative/Nil income, 15-19 years,337,0,17.0
4000,QLD,Hybrid,2511, Negative/Nil income, 85 years and over,7,0,85+
4000,QLD,Hybrid,2511, Negative/Nil income, 75-84 years,25,0,79.5
4000,QLD,Hybrid,2511," $1,500-$1,749", 25-34 years,495,1624.5,29.5
4000,QLD,Hybrid,2511," $2,000-$2,999", 45-54 years,363,2499.5,49.5
4000,QLD,Hybrid,2511, $500-$649, 20-24 years,325,574.5,22.0
4000,QLD,Hybrid,2511, $1-$149, 45-54 years,15,75.0,49.5
4000,QLD,Hybrid,2511, Negative/Nil income, 20-24 years,493,0,22.0
4000,QLD,Hybrid,2511, $500-$649, 35-44 years,153,574.5,39.5
4000,QLD,Hybrid,2511," $3,500 or more", 20-24 years,13,3500+,22.0
4000,QLD,Hybrid,2511, $150-$299, 85 years and over,6,224.5,85+
4000,QLD,Hybrid,2511, Negative/Nil income, 25-34 years,405,0,29.5
4000,QLD,Hybrid,2511, $500-$649, 25-34 years,536,574.5,29.5
4000,QLD,Hybrid,2511," $1,500-$1,749", 45-54 years,142,1624.5,49.5
4000,QLD,Hybrid,2511, Not stated, 55-64 years,180,0,59.5
4000,QLD,Hybrid,2511, $400-$499, 65-74 years,109,449.5,69.5
4000,QLD,Hybrid,2511, $300-$399, 55-64 years,73,349.5,59.5
4000,QLD,Hybrid,2511," $1,500-$1,749", 20-24 years,80,1624.5,22.0
4000,QLD,Hybrid,2511," $2,000-$2,999", 35-44 years,535,2499.5,39.5
4000,QLD,Hybrid,2511, Not stated, 65-74 years,100,0,69.5
4000,QLD,Hybrid,2511," $3,000-$3499", 75-84 years,8,3249.5,79.5
4000,QLD,Hybrid,2511, $300-$399, 25-34 years,240,349.5,29.5
4000,QLD,Hybrid,2511, $500-$649, 45-54 years,66,574.5,49.5
4000,QLD,Hybrid,2511, Not stated, 35-44 years,334,0,39.5
4000,QLD,Hybrid,2511, Total, 45-54 years,2047,0,49.5
4000,QLD,Hybrid,2511, $150-$299, 55-64 years,46,224.5,59.5
4000,QLD,Hybrid,2511, $500-$649, 65-74 years,94,574.5,69.5
4000,QLD,Hybrid,2511, $500-$649, 85 years and over,9,574.5,85+
4000,QLD,Hybrid,2511," $1,000-$1,249", 15-19 years,15,1124.5,17.0
4000,QLD,Hybrid,2511, $150-$299, 35-44 years,66,224.5,39.5
4000,QLD,Hybrid,2511, Not stated, 20-24 years,223,0,22.0
4000,QLD,Hybrid,2511, Not stated, 85 years and over,14,0,85+
4000,QLD,Hybrid,2511," $2,000-$2,999", 75-84 years,21,2499.5,79.5
4000,QLD,Hybrid,2511, $800-$999, 55-64 years,90,899.5,59.5
4000,QLD,Hybrid,2511, Negative/Nil income, 65-74 years,83,0,69.5
4000,QLD,Hybrid,2511," $3,000-$3499", 25-34 years,97,3249.5,29.5
4000,QLD,Hybrid,2511," $1,500-$1,749", 85 years and over,7,1624.5,85+
4008,QLD,Hybrid,1812, Total, 75-84 years,16,0,79.5
4008,QLD,Hybrid,1812," $1,750-$1,999", 45-54 years,3,1874.5,49.5
4008,QLD,Hybrid,1812, $400-$499, 85 years and over,4,449.5,85+
4008,QLD,Hybrid,1812, $800-$999, 20-24 years,3,899.5,22.0
4008,QLD,Hybrid,1812, Not stated, 25-34 years,44,0,29.5
4008,QLD,Hybrid,1812, $150-$299, 65-74 years,6,224.5,69.5
4008,QLD,Hybrid,1812, Total, 25-34 years,80,0,29.5
4008,QLD,Hybrid,1812, $400-$499, 75-84 years,3,449.5,79.5
4008,QLD,Hybrid,1812," $1,250-$1,499", 45-54 years,9,1374.5,49.5
4008,QLD,Hybrid,1812, $300-$399, 75-84 years,4,349.5,79.5
4008,QLD,Hybrid,1812, Total, 15-19 years,6,0,17.0
4008,QLD,Hybrid,1812, $400-$499, 55-64 years,3,449.5,59.5
4008,QLD,Hybrid,1812, $650-$799, 65-74 years,3,724.5,69.5
4008,QLD,Hybrid,1812, Not stated, 55-64 years,7,0,59.5
4008,QLD,Hybrid,1812," $1,250-$1,499", 55-64 years,7,1374.5,59.5
4008,QLD,Hybrid,1812, $400-$499, 65-74 years,4,449.5,69.5
4008,QLD,Hybrid,1812, Total, 35-44 years,70,0,39.5
4008,QLD,Hybrid,1812, Total, 55-64 years,55,0,59.5
4008,QLD,Hybrid,1812, Total, 45-54 years,45,0,49.5
4008,QLD,Hybrid,1812," $1,000-$1,249", 35-44 years,4,1124.5,39.5
4008,QLD,Hybrid,1812, $400-$499, 35-44 years,3,449.5,39.5
4008,QLD,Hybrid,1812, $800-$999, 25-34 years,9,899.5,29.5
4008,QLD,Hybrid,1812, Total, 65-74 years,42,0,69.5
4008,QLD,Hybrid,1812, Total, 85 years and over,4,0,85+
4008,QLD,Hybrid,1812," $3,500 or more", 35-44 years,6,3500+,39.5
4008,QLD,Hybrid,1812," $2,000-$2,999", 65-74 years,4,2499.5,69.5
4008,QLD,Hybrid,1812," $1,750-$1,999", 25-34 years,3,1874.5,29.5
4008,QLD,Hybrid,1812, Total, 20-24 years,24,0,22.0
4008,QLD,Hybrid,1812," $1,250-$1,499", 35-44 years,6,1374.5,39.5
4008,QLD,Hybrid,1812," $2,000-$2,999", 45-54 years,7,2499.5,49.5
4008,QLD,Hybrid,1812, $800-$999, 45-54 years,4,899.5,49.5
4008,QLD,Hybrid,1812," $1,000-$1,249", 55-64 years,3,1124.5,59.5
4008,QLD,Hybrid,1812, Not stated, 20-24 years,14,0,22.0
4008,QLD,Hybrid,1812," $1,000-$1,249", 45-54 years,4,1124.5,49.5
4008,QLD,Hybrid,1812, Not stated, 65-74 years,5,0,69.5
4008,QLD,Hybrid,1812, Negative/Nil income, 65-74 years,3,0,69.5
4008,QLD,Hybrid,1812, $800-$999, 55-64 years,10,899.5,59.5
4008,QLD,Hybrid,1812, $650-$799, 20-24 years,3,724.5,22.0
4008,QLD,Hybrid,1812, $300-$399, 55-64 years,6,349.5,59.5
4008,QLD,Hybrid,1812," $2,000-$2,999", 55-64 years,3,2499.5,59.5
4008,QLD,Hybrid,1812, $800-$999, 35-44 years,3,899.5,39.5
4008,QLD,Hybrid,1812," $1,000-$1,249", 25-34 years,11,1124.5,29.5
4008,QLD,Hybrid,1812, $500-$649, 25-34 years,5,574.5,29.5
4008,QLD,Hybrid,1812, $500-$649, 35-44 years,4,574.5,39.5
4008,QLD,Hybrid,1812," $1,500-$1,749", 45-54 years,7,1624.5,49.5
4008,QLD,Hybrid,1812, $300-$399, 20-24 years,3,349.5,22.0
4008,QLD,Hybrid,1812, Not stated, 45-54 years,12,0,49.5
4008,QLD,Hybrid,1812, Negative/Nil income, 15-19 years,3,0,17.0
4008,QLD,Hybrid,1812," $1,500-$1,749", 25-34 years,4,1624.5,29.5
4008,QLD,Hybrid,1812, Not stated, 35-44 years,38,0,39.5
4008,QLD,Hybrid,1812, $800-$999, 65-74 years,4,899.5,69.5
4008,QLD,Hybrid,1812, Negative/Nil income, 35-44 years,4,0,39.5
4008,QLD,Hybrid,1812," $1,500-$1,749", 55-64 years,6,1624.5,59.5
4008,QLD,Hybrid,1812, $650-$799, 25-34 years,4,724.5,29.5
4008,QLD,Hybrid,1812, $500-$649, 75-84 years,3,574.5,79.5
4008,QLD,Hybrid,1812," $1,000-$1,249", 65-74 years,3,1124.5,69.5
4008,QLD,Hybrid,1812, $500-$649, 55-64 years,6,574.5,59.5
3029,VIC,Hybrid,1803," $1,750-$1,999", 65-74 years,44,1874.5,69.5
3029,VIC,Hybrid,1803," $3,000-$3499", 20-24 years,9,3249.5,22.0
3029,VIC,Hybrid,1803, $150-$299, 20-24 years,661,224.5,22.0
3029,VIC,Hybrid,1803, Total, 25-34 years,24770,0,29.5
3029,VIC,Hybrid,1803, Not stated, 35-44 years,1886,0,39.5
3029,VIC,Hybrid,1803," $1,000-$1,249", 75-84 years,49,1124.5,79.5
3029,VIC,Hybrid,1803, Negative/Nil income, 65-74 years,1142,0,69.5
3029,VIC,Hybrid,1803," $1,500-$1,749", 25-34 years,1697,1624.5,29.5
3029,VIC,Hybrid,1803," $3,000-$3499", 15-19 years,3,3249.5,17.0
3029,VIC,Hybrid,1803, $300-$399, 65-74 years,1042,349.5,69.5
3029,VIC,Hybrid,1803, $800-$999, 35-44 years,2747,899.5,39.5
3029,VIC,Hybrid,1803," $1,000-$1,249", 65-74 years,270,1124.5,69.5
3029,VIC,Hybrid,1803," $2,000-$2,999", 45-54 years,1082,2499.5,49.5
3029,VIC,Hybrid,1803, $300-$399, 55-64 years,641,349.5,59.5
3029,VIC,Hybrid,1803, $1-$149, 25-34 years,380,75.0,29.5
3029,VIC,Hybrid,1803, Total, 75-84 years,2408,0,79.5
3029,VIC,Hybrid,1803," $1,000-$1,249", 20-24 years,814,1124.5,22.0
3029,VIC,Hybrid,1803, Not stated, 45-54 years,874,0,49.5
3029,VIC,Hybrid,1803," $1,250-$1,499", 35-44 years,2533,1374.5,39.5
3029,VIC,Hybrid,1803, $500-$649, 25-34 years,1515,574.5,29.5
3029,VIC,Hybrid,1803," $1,500-$1,749", 75-84 years,22,1624.5,79.5
3029,VIC,Hybrid,1803, $650-$799, 45-54 years,871,724.5,49.5
3029,VIC,Hybrid,1803, $300-$399, 85 years and over,103,349.5,85+
3029,VIC,Hybrid,1803, Negative/Nil income, 15-19 years,3631,0,17.0
3029,VIC,Hybrid,1803," $2,000-$2,999", 20-24 years,48,2499.5,22.0
3029,VIC,Hybrid,1803, $800-$999, 85 years and over,24,899.5,85+
3029,VIC,Hybrid,1803, $500-$649, 15-19 years,181,574.5,17.0
3029,VIC,Hybrid,1803, $150-$299, 65-74 years,377,224.5,69.5
3029,VIC,Hybrid,1803," $3,000-$3499", 35-44 years,567,3249.5,39.5
3029,VIC,Hybrid,1803, Negative/Nil income, 75-84 years,312,0,79.5
3029,VIC,Hybrid,1803, $800-$999, 65-74 years,292,899.5,69.5
3029,VIC,Hybrid,1803," $1,000-$1,249", 35-44 years,3279,1124.5,39.5
3029,VIC,Hybrid,1803, $300-$399, 25-34 years,914,349.5,29.5
3029,VIC,Hybrid,1803, $650-$799, 20-24 years,961,724.5,22.0
3029,VIC,Hybrid,1803," $1,750-$1,999", 35-44 years,1538,1874.5,39.5
3029,VIC,Hybrid,1803," $3,000-$3499", 55-64 years,102,3249.5,59.5
3029,VIC,Hybrid,1803, $150-$299, 45-54 years,385,224.5,49.5
3029,VIC,Hybrid,1803, Not stated, 15-19 years,556,0,17.0
3029,VIC,Hybrid,1803," $1,500-$1,749", 65-74 years,124,1624.5,69.5
3029,VIC,Hybrid,1803, $1-$149, 85 years and over,8,75.0,85+
3029,VIC,Hybrid,1803," $1,250-$1,499", 15-19 years,16,1374.5,17.0
3029,VIC,Hybrid,1803," $1,500-$1,749", 45-54 years,990,1624.5,49.5
3029,VIC,Hybrid,1803, Not stated, 75-84 years,184,0,79.5
3029,VIC,Hybrid,1803, Negative/Nil income, 45-54 years,949,0,49.5
3029,VIC,Hybrid,1803, $500-$649, 35-44 years,1274,574.5,39.5
3029,VIC,Hybrid,1803, $500-$649, 55-64 years,551,574.5,59.5
3029,VIC,Hybrid,1803, Negative/Nil income, 35-44 years,1976,0,39.5
3029,VIC,Hybrid,1803, Not stated, 65-74 years,397,0,69.5
3029,VIC,Hybrid,1803," $1,500-$1,749", 55-64 years,541,1624.5,59.5
3029,VIC,Hybrid,1803, Not stated, 85 years and over,67,0,85+
3029,VIC,Hybrid,1803, Not stated, 20-24 years,884,0,22.0
3029,VIC,Hybrid,1803, Negative/Nil income, 20-24 years,891,0,22.0
3029,VIC,Hybrid,1803," $3,000-$3499", 65-74 years,11,3249.5,69.5
3029,VIC,Hybrid,1803," $1,750-$1,999", 20-24 years,53,1874.5,22.0
3029,VIC,Hybrid,1803, $300-$399, 15-19 years,279,349.5,17.0
3029,VIC,Hybrid,1803, Negative/Nil income, 85 years and over,50,0,85+
3029,VIC,Hybrid,1803, Not stated, 55-64 years,515,0,59.5
3029,VIC,Hybrid,1803, $300-$399, 75-84 years,580,349.5,79.5
3029,VIC,Hybrid,1803, $500-$649, 65-74 years,542,574.5,69.5
3029,VIC,Hybrid,1803," $1,500-$1,749", 35-44 years,2216,1624.5,39.5
3029,VIC,Hybrid,1803," $2,000-$2,999", 25-34 years,1250,2499.5,29.5
3029,VIC,Hybrid,1803," $1,000-$1,249", 45-54 years,1657,1124.5,49.5
3029,VIC,Hybrid,1803, $150-$299, 75-84 years,162,224.5,79.5
3029,VIC,Hybrid,1803," $3,000-$3499", 25-34 years,176,3249.5,29.5
3029,VIC,Hybrid,1803," $1,500-$1,749", 85 years and over,5,1624.5,85+
3029,VIC,Hybrid,1803, $800-$999, 15-19 years,82,899.5,17.0
3029,VIC,Hybrid,1803, $500-$649, 20-24 years,900,574.5,22.0
3029,VIC,Hybrid,1803," $3,000-$3499", 45-54 years,203,3249.5,49.5
3029,VIC,Hybrid,1803," $1,000-$1,249", 25-34 years,3439,1124.5,29.5
3029,VIC,Hybrid,1803, $500-$649, 85 years and over,56,574.5,85+
3029,VIC,Hybrid,1803," $1,500-$1,749", 20-24 years,153,1624.5,22.0
3029,VIC,Hybrid,1803, $400-$499, 35-44 years,849,449.5,39.5
3029,VIC,Hybrid,1803, $650-$799, 55-64 years,623,724.5,59.5
3029,VIC,Hybrid,1803, $800-$999, 25-34 years,3102,899.5,29.5
3029,VIC,Hybrid,1803, $500-$649, 75-84 years,252,574.5,79.5
3029,VIC,Hybrid,1803," $1,000-$1,249", 15-19 years,37,1124.5,17.0
3029,VIC,Hybrid,1803," $1,250-$1,499", 45-54 years,1157,1374.5,49.5
3029,VIC,Hybrid,1803, $1-$149, 45-54 years,163,75.0,49.5
3029,VIC,Hybrid,1803, $150-$299, 85 years and over,32,224.5,85+
3029,VIC,Hybrid,1803," $3,500 or more", 55-64 years,107,3500+,59.5
3029,VIC,Hybrid,1803, $150-$299, 25-34 years,804,224.5,29.5
3029,VIC,Hybrid,1803," $3,000-$3499", 75-84 years,3,3249.5,79.5
3029,VIC,Hybrid,1803, Total, 20-24 years,8490,0,22.0
3029,VIC,Hybrid,1803," $1,750-$1,999", 75-84 years,5,1874.5,79.5
3029,VIC,Hybrid,1803, Total, 85 years and over,541,0,85+
3029,VIC,Hybrid,1803, $400-$499, 25-34 years,1052,449.5,29.5
3029,VIC,Hybrid,1803," $2,000-$2,999", 35-44 years,2799,2499.5,39.5
3029,VIC,Hybrid,1803," $1,000-$1,249", 55-64 years,928,1124.5,59.5
3029,VIC,Hybrid,1803, $800-$999, 45-54 years,1368,899.5,49.5
3029,VIC,Hybrid,1803," $1,500-$1,749", 15-19 years,3,1624.5,17.0
3029,VIC,Hybrid,1803," $1,000-$1,249", 85 years and over,4,1124.5,85+
3029,VIC,Hybrid,1803, $800-$999, 20-24 years,1054,899.5,22.0
3029,VIC,Hybrid,1803, $650-$799, 65-74 years,384,724.5,69.5
3029,VIC,Hybrid,1803, Negative/Nil income, 55-64 years,1542,0,59.5
3029,VIC,Hybrid,1803," $2,000-$2,999", 65-74 years,74,2499.5,69.5
3029,VIC,Hybrid,1803, $300-$399, 35-44 years,744,349.5,39.5
3029,VIC,Hybrid,1803," $1,250-$1,499", 55-64 years,642,1374.5,59.5
3029,VIC,Hybrid,1803, $650-$799, 25-34 years,1970,724.5,29.5
3029,VIC,Hybrid,1803," $1,250-$1,499", 75-84 years,30,1374.5,79.5
3029,VIC,Hybrid,1803, Total, 35-44 years,25580,0,39.5
3029,VIC,Hybrid,1803, $400-$499, 55-64 years,483,449.5,59.5
3029,VIC,Hybrid,1803," $1,750-$1,999", 45-54 years,692,1874.5,49.5
3029,VIC,Hybrid,1803, $300-$399, 20-24 years,662,349.5,22.0
3029,VIC,Hybrid,1803, Not stated, 25-34 years,2410,0,29.5
3029,VIC,Hybrid,1803," $3,500 or more", 75-84 years,9,3500+,79.5
3029,VIC,Hybrid,1803," $2,000-$2,999", 85 years and over,6,2499.5,85+
3029,VIC,Hybrid,1803, $1-$149, 75-84 years,68,75.0,79.5
3029,VIC,Hybrid,1803," $3,500 or more", 25-34 years,143,3500+,29.5
3029,VIC,Hybrid,1803, $400-$499, 65-74 years,803,449.5,69.5
3029,VIC,Hybrid,1803," $1,250-$1,499", 85 years and over,4,1374.5,85+
3029,VIC,Hybrid,1803, $400-$499, 75-84 years,486,449.5,79.5
3029,VIC,Hybrid,1803," $1,750-$1,999", 25-34 years,980,1874.5,29.5
3029,VIC,Hybrid,1803, Total, 55-64 years,9079,0,59.5
3029,VIC,Hybrid,1803, $1-$149, 15-19 years,1036,75.0,17.0
3029,VIC,Hybrid,1803, $800-$999, 55-64 years,851,899.5,59.5
3029,VIC,Hybrid,1803," $3,500 or more", 20-24 years,9,3500+,22.0
3029,VIC,Hybrid,1803, Total, 65-74 years,5903,0,69.5
3029,VIC,Hybrid,1803, Negative/Nil income, 25-34 years,2514,0,29.5
3029,VIC,Hybrid,1803," $1,250-$1,499", 25-34 years,2443,1374.5,29.5
3029,VIC,Hybrid,1803, $650-$799, 15-19 years,127,724.5,17.0
3029,VIC,Hybrid,1803, $1-$149, 65-74 years,204,75.0,69.5
3029,VIC,Hybrid,1803," $1,250-$1,499", 20-24 years,356,1374.5,22.0
3029,VIC,Hybrid,1803, $400-$499, 20-24 years,693,449.5,22.0
3029,VIC,Hybrid,1803, $400-$499, 15-19 years,188,449.5,17.0
3029,VIC,Hybrid,1803, $650-$799, 75-84 years,156,724.5,79.5
3029,VIC,Hybrid,1803, $650-$799, 85 years and over,31,724.5,85+
3029,VIC,Hybrid,1803," $3,500 or more", 35-44 years,414,3500+,39.5
3029,VIC,Hybrid,1803, $500-$649, 45-54 years,686,574.5,49.5
3029,VIC,Hybrid,1803," $1,250-$1,499", 65-74 years,182,1374.5,69.5
3029,VIC,Hybrid,1803, Total, 15-19 years,6815,0,17.0
3029,VIC,Hybrid,1803, $650-$799, 35-44 years,1695,724.5,39.5
3029,VIC,Hybrid,1803, $150-$299, 35-44 years,709,224.5,39.5
3029,VIC,Hybrid,1803, $300-$399, 45-54 years,525,349.5,49.5
3029,VIC,Hybrid,1803, $400-$499, 85 years and over,152,449.5,85+
3029,VIC,Hybrid,1803," $2,000-$2,999", 55-64 years,492,2499.5,59.5
3029,VIC,Hybrid,1803, $1-$149, 55-64 years,240,75.0,59.5
3029,VIC,Hybrid,1803," $3,500 or more", 45-54 years,210,3500+,49.5
3029,VIC,Hybrid,1803, $150-$299, 15-19 years,680,224.5,17.0
3029,VIC,Hybrid,1803, $1-$149, 20-24 years,343,75.0,22.0
3029,VIC,Hybrid,1803, $400-$499, 45-54 years,512,449.5,49.5
3029,VIC,Hybrid,1803," $1,750-$1,999", 55-64 years,381,1874.5,59.5
3029,VIC,Hybrid,1803," $3,500 or more", 65-74 years,25,3500+,69.5
3029,VIC,Hybrid,1803, $1-$149, 35-44 years,348,75.0,39.5
3029,VIC,Hybrid,1803," $3,500 or more", 85 years and over,3,3500+,85+
3029,VIC,Hybrid,1803, Total, 45-54 years,12319,0,49.5
3029,VIC,Hybrid,1803, $150-$299, 55-64 years,436,224.5,59.5
3029,VIC,Hybrid,1803, $800-$999, 75-84 years,90,899.5,79.5
2170,NSW,Hybrid,1543," $1,000-$1,249", 85 years and over,11,1124.5,85+
2170,NSW,Hybrid,1543," $3,000-$3499", 25-34 years,115,3249.5,29.5
2170,NSW,Hybrid,1543," $2,000-$2,999", 55-64 years,606,2499.5,59.5
2170,NSW,Hybrid,1543, $150-$299, 25-34 years,669,224.5,29.5
2170,NSW,Hybrid,1543, $800-$999, 35-44 years,1527,899.5,39.5
2170,NSW,Hybrid,1543, Negative/Nil income, 75-84 years,442,0,79.5
2170,NSW,Hybrid,1543, Total, 35-44 years,16392,0,39.5
2170,NSW,Hybrid,1543," $3,500 or more", 65-74 years,45,3500+,69.5
2170,NSW,Hybrid,1543, $650-$799, 15-19 years,187,724.5,17.0
2170,NSW,Hybrid,1543, $300-$399, 65-74 years,1885,349.5,69.5
2170,NSW,Hybrid,1543," $3,000-$3499", 20-24 years,4,3249.5,22.0
2170,NSW,Hybrid,1543, $800-$999, 55-64 years,1008,899.5,59.5
2170,NSW,Hybrid,1543, $800-$999, 45-54 years,1400,899.5,49.5
2170,NSW,Hybrid,1543, $150-$299, 35-44 years,655,224.5,39.5
2170,NSW,Hybrid,1543," $1,250-$1,499", 45-54 years,1130,1374.5,49.5
2170,NSW,Hybrid,1543," $1,750-$1,999", 25-34 years,801,1874.5,29.5
2170,NSW,Hybrid,1543," $2,000-$2,999", 65-74 years,126,2499.5,69.5
2170,NSW,Hybrid,1543," $1,000-$1,249", 15-19 years,64,1124.5,17.0
2170,NSW,Hybrid,1543, $400-$499, 65-74 years,1407,449.5,69.5
2170,NSW,Hybrid,1543, $1-$149, 75-84 years,86,75.0,79.5
2170,NSW,Hybrid,1543, $1-$149, 35-44 years,212,75.0,39.5
2170,NSW,Hybrid,1543," $1,500-$1,749", 85 years and over,8,1624.5,85+
2170,NSW,Hybrid,1543," $2,000-$2,999", 75-84 years,20,2499.5,79.5
2170,NSW,Hybrid,1543, Total, 85 years and over,1947,0,85+
2170,NSW,Hybrid,1543, Negative/Nil income, 35-44 years,1283,0,39.5
2170,NSW,Hybrid,1543, Not stated, 55-64 years,870,0,59.5
2170,NSW,Hybrid,1543, Total, 45-54 years,14110,0,49.5
2170,NSW,Hybrid,1543, $500-$649, 20-24 years,760,574.5,22.0
2170,NSW,Hybrid,1543," $1,250-$1,499", 85 years and over,10,1374.5,85+
2170,NSW,Hybrid,1543," $1,250-$1,499", 20-24 years,453,1374.5,22.0
2170,NSW,Hybrid,1543, Total, 65-74 years,8538,0,69.5
2170,NSW,Hybrid,1543, $150-$299, 75-84 years,332,224.5,79.5
2170,NSW,Hybrid,1543, Negative/Nil income, 85 years and over,160,0,85+
2170,NSW,Hybrid,1543," $3,500 or more", 20-24 years,10,3500+,22.0
2170,NSW,Hybrid,1543," $3,500 or more", 85 years and over,4,3500+,85+
2170,NSW,Hybrid,1543, $650-$799, 55-64 years,908,724.5,59.5
2170,NSW,Hybrid,1543," $1,750-$1,999", 75-84 years,13,1874.5,79.5
2170,NSW,Hybrid,1543," $2,000-$2,999", 25-34 years,962,2499.5,29.5
2170,NSW,Hybrid,1543," $1,500-$1,749", 35-44 years,1199,1624.5,39.5
2170,NSW,Hybrid,1543, $150-$299, 65-74 years,605,224.5,69.5
2170,NSW,Hybrid,1543," $1,250-$1,499", 25-34 years,1675,1374.5,29.5
2170,NSW,Hybrid,1543, $400-$499, 85 years and over,494,449.5,85+
2170,NSW,Hybrid,1543, Total, 15-19 years,7370,0,17.0
2170,NSW,Hybrid,1543, Total, 75-84 years,4808,0,79.5
2170,NSW,Hybrid,1543," $3,500 or more", 35-44 years,291,3500+,39.5
2170,NSW,Hybrid,1543, $650-$799, 35-44 years,1176,724.5,39.5
2170,NSW,Hybrid,1543," $2,000-$2,999", 85 years and over,7,2499.5,85+
2170,NSW,Hybrid,1543," $1,750-$1,999", 35-44 years,891,1874.5,39.5
2170,NSW,Hybrid,1543, Negative/Nil income, 55-64 years,1373,0,59.5
2170,NSW,Hybrid,1543," $3,500 or more", 45-54 years,285,3500+,49.5
2170,NSW,Hybrid,1543, Not stated, 75-84 years,641,0,79.5
2170,NSW,Hybrid,1543, $800-$999, 65-74 years,428,899.5,69.5
2170,NSW,Hybrid,1543, $1-$149, 20-24 years,304,75.0,22.0
2170,NSW,Hybrid,1543," $1,500-$1,749", 15-19 years,3,1624.5,17.0
2170,NSW,Hybrid,1543, Total, 20-24 years,7819,0,22.0
2170,NSW,Hybrid,1543, $1-$149, 85 years and over,29,75.0,85+
2170,NSW,Hybrid,1543, $400-$499, 25-34 years,783,449.5,29.5
2170,NSW,Hybrid,1543, Not stated, 15-19 years,576,0,17.0
2170,NSW,Hybrid,1543, $650-$799, 85 years and over,48,724.5,85+
2170,NSW,Hybrid,1543, $650-$799, 20-24 years,820,724.5,22.0
2170,NSW,Hybrid,1543, $500-$649, 75-84 years,432,574.5,79.5
2170,NSW,Hybrid,1543," $2,000-$2,999", 35-44 years,1465,2499.5,39.5
2170,NSW,Hybrid,1543, Total, 55-64 years,12336,0,59.5
2170,NSW,Hybrid,1543," $1,250-$1,499", 75-84 years,36,1374.5,79.5
2170,NSW,Hybrid,1543," $3,500 or more", 25-34 years,101,3500+,29.5
2170,NSW,Hybrid,1543, $150-$299, 20-24 years,807,224.5,22.0
2170,NSW,Hybrid,1543, Not stated, 25-34 years,1596,0,29.5
2170,NSW,Hybrid,1543, $800-$999, 20-24 years,888,899.5,22.0
2170,NSW,Hybrid,1543, $800-$999, 85 years and over,37,899.5,85+
2170,NSW,Hybrid,1543, $400-$499, 15-19 years,259,449.5,17.0
2170,NSW,Hybrid,1543, $1-$149, 65-74 years,226,75.0,69.5
2170,NSW,Hybrid,1543, $400-$499, 75-84 years,1074,449.5,79.5
2170,NSW,Hybrid,1543, $400-$499, 55-64 years,1024,449.5,59.5
2170,NSW,Hybrid,1543, Negative/Nil income, 15-19 years,3610,0,17.0
2170,NSW,Hybrid,1543," $2,000-$2,999", 20-24 years,48,2499.5,22.0
2170,NSW,Hybrid,1543," $1,250-$1,499", 15-19 years,15,1374.5,17.0
2170,NSW,Hybrid,1543, $1-$149, 45-54 years,196,75.0,49.5
2170,NSW,Hybrid,1543, $150-$299, 85 years and over,106,224.5,85+
2170,NSW,Hybrid,1543, $1-$149, 55-64 years,209,75.0,59.5
2170,NSW,Hybrid,1543, $650-$799, 65-74 years,483,724.5,69.5
2170,NSW,Hybrid,1543, $300-$399, 15-19 years,325,349.5,17.0
2170,NSW,Hybrid,1543," $1,000-$1,249", 20-24 years,837,1124.5,22.0
2170,NSW,Hybrid,1543," $1,750-$1,999", 15-19 years,5,1874.5,17.0
2170,NSW,Hybrid,1543, $400-$499, 45-54 years,872,449.5,49.5
2170,NSW,Hybrid,1543," $1,250-$1,499", 55-64 years,833,1374.5,59.5
2170,NSW,Hybrid,1543," $1,250-$1,499", 65-74 years,238,1374.5,69.5
2170,NSW,Hybrid,1543," $3,000-$3499", 35-44 years,244,3249.5,39.5
2170,NSW,Hybrid,1543," $3,500 or more", 75-84 years,17,3500+,79.5
2170,NSW,Hybrid,1543, $500-$649, 85 years and over,169,574.5,85+
2170,NSW,Hybrid,1543," $2,000-$2,999", 45-54 years,1092,2499.5,49.5
2170,NSW,Hybrid,1543," $1,000-$1,249", 75-84 years,90,1124.5,79.5
2170,NSW,Hybrid,1543, $300-$399, 85 years and over,326,349.5,85+
2170,NSW,Hybrid,1543," $1,750-$1,999", 20-24 years,80,1874.5,22.0
2170,NSW,Hybrid,1543, Total, 25-34 years,17018,0,29.5
2170,NSW,Hybrid,1543, $400-$499, 35-44 years,842,449.5,39.5
2170,NSW,Hybrid,1543, $150-$299, 45-54 years,631,224.5,49.5
2170,NSW,Hybrid,1543, $300-$399, 75-84 years,1196,349.5,79.5
2170,NSW,Hybrid,1543," $3,000-$3499", 45-54 years,212,3249.5,49.5
2170,NSW,Hybrid,1543, $800-$999, 25-34 years,1749,899.5,29.5
2170,NSW,Hybrid,1543, Negative/Nil income, 65-74 years,983,0,69.5
2170,NSW,Hybrid,1543, $300-$399, 25-34 years,943,349.5,29.5
2170,NSW,Hybrid,1543," $3,000-$3499", 85 years and over,4,3249.5,85+
2170,NSW,Hybrid,1543," $1,500-$1,749", 20-24 years,184,1624.5,22.0
2170,NSW,Hybrid,1543," $1,000-$1,249", 65-74 years,386,1124.5,69.5
2170,NSW,Hybrid,1543," $1,000-$1,249", 25-34 years,2185,1124.5,29.5
2170,NSW,Hybrid,1543," $1,500-$1,749", 55-64 years,680,1624.5,59.5
2170,NSW,Hybrid,1543, $650-$799, 75-84 years,242,724.5,79.5
2170,NSW,Hybrid,1543, $150-$299, 15-19 years,844,224.5,17.0
2170,NSW,Hybrid,1543," $1,750-$1,999", 55-64 years,469,1874.5,59.5
2170,NSW,Hybrid,1543, $500-$649, 35-44 years,1043,574.5,39.5
2170,NSW,Hybrid,1543, $300-$399, 45-54 years,991,349.5,49.5
2170,NSW,Hybrid,1543, Not stated, 35-44 years,1389,0,39.5
2170,NSW,Hybrid,1543, Negative/Nil income, 20-24 years,894,0,22.0
2170,NSW,Hybrid,1543," $1,000-$1,249", 45-54 years,1599,1124.5,49.5
2170,NSW,Hybrid,1543, Negative/Nil income, 45-54 years,1089,0,49.5
2170,NSW,Hybrid,1543," $1,750-$1,999", 45-54 years,758,1874.5,49.5
2170,NSW,Hybrid,1543, $400-$499, 20-24 years,491,449.5,22.0
2170,NSW,Hybrid,1543, $800-$999, 15-19 years,117,899.5,17.0
2170,NSW,Hybrid,1543," $3,000-$3499", 65-74 years,25,3249.5,69.5
2170,NSW,Hybrid,1543, $500-$649, 55-64 years,855,574.5,59.5
2170,NSW,Hybrid,1543, Not stated, 20-24 years,654,0,22.0
2170,NSW,Hybrid,1543, $1-$149, 25-34 years,186,75.0,29.5
2170,NSW,Hybrid,1543, $800-$999, 75-84 years,154,899.5,79.5
2170,NSW,Hybrid,1543, $150-$299, 55-64 years,707,224.5,59.5
2170,NSW,Hybrid,1543," $1,250-$1,499", 35-44 years,1471,1374.5,39.5
2170,NSW,Hybrid,1543, $650-$799, 25-34 years,1309,724.5,29.5
2170,NSW,Hybrid,1543," $1,500-$1,749", 65-74 years,164,1624.5,69.5
2170,NSW,Hybrid,1543, Not stated, 85 years and over,521,0,85+
2170,NSW,Hybrid,1543," $1,500-$1,749", 75-84 years,40,1624.5,79.5
2170,NSW,Hybrid,1543, $1-$149, 15-19 years,1081,75.0,17.0
2170,NSW,Hybrid,1543, $500-$649, 65-74 years,765,574.5,69.5
2170,NSW,Hybrid,1543, $500-$649, 15-19 years,286,574.5,17.0
2170,NSW,Hybrid,1543," $3,500 or more", 55-64 years,118,3500+,59.5
2170,NSW,Hybrid,1543," $1,000-$1,249", 35-44 years,1784,1124.5,39.5
2170,NSW,Hybrid,1543, $500-$649, 45-54 years,900,574.5,49.5
2170,NSW,Hybrid,1543, $650-$799, 45-54 years,1022,724.5,49.5
2170,NSW,Hybrid,1543, Negative/Nil income, 25-34 years,1554,0,29.5
2170,NSW,Hybrid,1543," $3,000-$3499", 75-84 years,8,3249.5,79.5
2170,NSW,Hybrid,1543, $300-$399, 20-24 years,582,349.5,22.0
2170,NSW,Hybrid,1543, Not stated, 65-74 years,685,0,69.5
2170,NSW,Hybrid,1543, $300-$399, 55-64 years,1392,349.5,59.5
2170,NSW,Hybrid,1543," $1,500-$1,749", 25-34 years,1259,1624.5,29.5
2170,NSW,Hybrid,1543," $1,500-$1,749", 45-54 years,974,1624.5,49.5
2170,NSW,Hybrid,1543," $1,000-$1,249", 55-64 years,1196,1124.5,59.5
2170,NSW,Hybrid,1543," $1,750-$1,999", 65-74 years,93,1874.5,69.5
2170,NSW,Hybrid,1543, $500-$649, 25-34 years,1137,574.5,29.5
2170,NSW,Hybrid,1543," $3,000-$3499", 55-64 years,114,3249.5,59.5
2170,NSW,Hybrid,1543, Not stated, 45-54 years,955,0,49.5
2170,NSW,Hybrid,1543, $300-$399, 35-44 years,924,349.5,39.5
2020,NSW,Hybrid,1430, Total, 25-34 years,7408,0,29.5
2020,NSW,Hybrid,1430, Not stated, 35-44 years,214,0,39.5
2020,NSW,Hybrid,1430, $1-$149, 45-54 years,17,75.0,49.5
2020,NSW,Hybrid,1430, $150-$299, 20-24 years,143,224.5,22.0
2020,NSW,Hybrid,1430, Negative/Nil income, 65-74 years,155,0,69.5
2020,NSW,Hybrid,1430," $2,000-$2,999", 45-54 years,296,2499.5,49.5
2020,NSW,Hybrid,1430, $800-$999, 25-34 years,770,899.5,29.5
2020,NSW,Hybrid,1430, $500-$649, 85 years and over,15,574.5,85+
2020,NSW,Hybrid,1430," $1,500-$1,749", 20-24 years,124,1624.5,22.0
2020,NSW,Hybrid,1430, $800-$999, 35-44 years,256,899.5,39.5
2020,NSW,Hybrid,1430, $400-$499, 45-54 years,57,449.5,49.5
2020,NSW,Hybrid,1430, Not stated, 25-34 years,549,0,29.5
2020,NSW,Hybrid,1430, Total, 20-24 years,2876,0,22.0
2020,NSW,Hybrid,1430," $1,250-$1,499", 55-64 years,108,1374.5,59.5
2020,NSW,Hybrid,1430," $1,000-$1,249", 20-24 years,320,1124.5,22.0
2020,NSW,Hybrid,1430," $3,000-$3499", 15-19 years,3,3249.5,17.0
2020,NSW,Hybrid,1430, $500-$649, 75-84 years,41,574.5,79.5
2020,NSW,Hybrid,1430," $3,500 or more", 65-74 years,3,3500+,69.5
2020,NSW,Hybrid,1430, $400-$499, 35-44 years,84,449.5,39.5
2020,NSW,Hybrid,1430, Negative/Nil income, 55-64 years,160,0,59.5
2020,NSW,Hybrid,1430, $300-$399, 45-54 years,47,349.5,49.5
2020,NSW,Hybrid,1430, $650-$799, 75-84 years,19,724.5,79.5
2020,NSW,Hybrid,1430, $400-$499, 85 years and over,56,449.5,85+
2020,NSW,Hybrid,1430, Total, 45-54 years,1794,0,49.5
2020,NSW,Hybrid,1430, $650-$799, 35-44 years,172,724.5,39.5
2020,NSW,Hybrid,1430, $800-$999, 75-84 years,17,899.5,79.5
2020,NSW,Hybrid,1430," $1,750-$1,999", 55-64 years,82,1874.5,59.5
2020,NSW,Hybrid,1430," $1,250-$1,499", 65-74 years,33,1374.5,69.5
2020,NSW,Hybrid,1430," $3,500 or more", 35-44 years,216,3500+,39.5
2020,NSW,Hybrid,1430," $1,000-$1,249", 65-74 years,36,1124.5,69.5
2020,NSW,Hybrid,1430, $400-$499, 65-74 years,128,449.5,69.5
2020,NSW,Hybrid,1430, $150-$299, 15-19 years,62,224.5,17.0
2020,NSW,Hybrid,1430, Total, 65-74 years,917,0,69.5
2020,NSW,Hybrid,1430, $1-$149, 55-64 years,30,75.0,59.5
2020,NSW,Hybrid,1430," $3,500 or more", 20-24 years,12,3500+,22.0
2020,NSW,Hybrid,1430," $3,500 or more", 25-34 years,136,3500+,29.5
2020,NSW,Hybrid,1430, $300-$399, 25-34 years,175,349.5,29.5
2020,NSW,Hybrid,1430, $800-$999, 65-74 years,65,899.5,69.5
2020,NSW,Hybrid,1430, $650-$799, 85 years and over,3,724.5,85+
2020,NSW,Hybrid,1430," $3,000-$3499", 45-54 years,50,3249.5,49.5
2020,NSW,Hybrid,1430, $1-$149, 75-84 years,13,75.0,79.5
2020,NSW,Hybrid,1430, $400-$499, 15-19 years,25,449.5,17.0
2020,NSW,Hybrid,1430, Negative/Nil income, 35-44 years,177,0,39.5
2020,NSW,Hybrid,1430, $500-$649, 55-64 years,76,574.5,59.5
2020,NSW,Hybrid,1430, $1-$149, 20-24 years,74,75.0,22.0
2020,NSW,Hybrid,1430," $1,750-$1,999", 35-44 years,257,1874.5,39.5
2020,NSW,Hybrid,1430, $650-$799, 20-24 years,262,724.5,22.0
2020,NSW,Hybrid,1430," $2,000-$2,999", 65-74 years,28,2499.5,69.5
2020,NSW,Hybrid,1430, Not stated, 15-19 years,41,0,17.0
2020,NSW,Hybrid,1430, $150-$299, 45-54 years,41,224.5,49.5
2020,NSW,Hybrid,1430, $1-$149, 25-34 years,47,75.0,29.5
2020,NSW,Hybrid,1430," $1,750-$1,999", 20-24 years,54,1874.5,22.0
2020,NSW,Hybrid,1430, Total, 75-84 years,522,0,79.5
2020,NSW,Hybrid,1430, $800-$999, 85 years and over,8,899.5,85+
2020,NSW,Hybrid,1430," $3,500 or more", 45-54 years,126,3500+,49.5
2020,NSW,Hybrid,1430, Total, 15-19 years,702,0,17.0
2020,NSW,Hybrid,1430, $1-$149, 65-74 years,30,75.0,69.5
2020,NSW,Hybrid,1430, $400-$499, 55-64 years,76,449.5,59.5
2020,NSW,Hybrid,1430," $1,250-$1,499", 25-34 years,794,1374.5,29.5
2020,NSW,Hybrid,1430, $150-$299, 65-74 years,52,224.5,69.5
2020,NSW,Hybrid,1430," $2,000-$2,999", 20-24 years,39,2499.5,22.0
2020,NSW,Hybrid,1430," $1,250-$1,499", 15-19 years,3,1374.5,17.0
2020,NSW,Hybrid,1430, $650-$799, 45-54 years,103,724.5,49.5
2020,NSW,Hybrid,1430, $650-$799, 65-74 years,42,724.5,69.5
2020,NSW,Hybrid,1430," $1,250-$1,499", 75-84 years,6,1374.5,79.5
2020,NSW,Hybrid,1430, Total, 55-64 years,1394,0,59.5
2020,NSW,Hybrid,1430, $400-$499, 75-84 years,124,449.5,79.5
2020,NSW,Hybrid,1430, $650-$799, 55-64 years,93,724.5,59.5
2020,NSW,Hybrid,1430," $1,000-$1,249", 15-19 years,9,1124.5,17.0
2020,NSW,Hybrid,1430," $3,000-$3499", 20-24 years,6,3249.5,22.0
2020,NSW,Hybrid,1430," $1,000-$1,249", 75-84 years,10,1124.5,79.5
2020,NSW,Hybrid,1430," $1,500-$1,749", 25-34 years,703,1624.5,29.5
2020,NSW,Hybrid,1430," $1,750-$1,999", 65-74 years,23,1874.5,69.5
2020,NSW,Hybrid,1430, $500-$649, 20-24 years,289,574.5,22.0
2020,NSW,Hybrid,1430, $300-$399, 65-74 years,141,349.5,69.5
2020,NSW,Hybrid,1430, Negative/Nil income, 75-84 years,54,0,79.5
2020,NSW,Hybrid,1430, $150-$299, 25-34 years,108,224.5,29.5
2020,NSW,Hybrid,1430, $300-$399, 55-64 years,90,349.5,59.5
2020,NSW,Hybrid,1430, $500-$649, 15-19 years,37,574.5,17.0
2020,NSW,Hybrid,1430, Total, 85 years and over,190,0,85+
2020,NSW,Hybrid,1430," $1,500-$1,749", 85 years and over,5,1624.5,85+
2020,NSW,Hybrid,1430," $3,000-$3499", 25-34 years,139,3249.5,29.5
2020,NSW,Hybrid,1430, Total, 35-44 years,3256,0,39.5
2020,NSW,Hybrid,1430, $400-$499, 25-34 years,257,449.5,29.5
2020,NSW,Hybrid,1430," $1,250-$1,499", 35-44 years,268,1374.5,39.5
2020,NSW,Hybrid,1430, $300-$399, 75-84 years,132,349.5,79.5
2020,NSW,Hybrid,1430, $300-$399, 15-19 years,48,349.5,17.0
2020,NSW,Hybrid,1430, $500-$649, 65-74 years,87,574.5,69.5
2020,NSW,Hybrid,1430," $1,250-$1,499", 45-54 years,159,1374.5,49.5
2020,NSW,Hybrid,1430," $3,500 or more", 55-64 years,39,3500+,59.5
2020,NSW,Hybrid,1430, $650-$799, 15-19 years,21,724.5,17.0
2020,NSW,Hybrid,1430, Not stated, 20-24 years,233,0,22.0
2020,NSW,Hybrid,1430, Negative/Nil income, 85 years and over,21,0,85+
2020,NSW,Hybrid,1430, $800-$999, 45-54 years,163,899.5,49.5
2020,NSW,Hybrid,1430, $400-$499, 20-24 years,152,449.5,22.0
2020,NSW,Hybrid,1430," $1,000-$1,249", 25-34 years,1031,1124.5,29.5
2020,NSW,Hybrid,1430, $1-$149, 35-44 years,29,75.0,39.5
2020,NSW,Hybrid,1430, $500-$649, 35-44 years,124,574.5,39.5
2020,NSW,Hybrid,1430, $800-$999, 15-19 years,17,899.5,17.0
2020,NSW,Hybrid,1430, $150-$299, 75-84 years,47,224.5,79.5
2020,NSW,Hybrid,1430," $1,500-$1,749", 35-44 years,269,1624.5,39.5
2020,NSW,Hybrid,1430, Not stated, 55-64 years,75,0,59.5
2020,NSW,Hybrid,1430," $3,000-$3499", 65-74 years,7,3249.5,69.5
2020,NSW,Hybrid,1430," $1,250-$1,499", 85 years and over,3,1374.5,85+
2020,NSW,Hybrid,1430," $1,000-$1,249", 45-54 years,204,1124.5,49.5
2020,NSW,Hybrid,1430," $2,000-$2,999", 25-34 years,758,2499.5,29.5
2020,NSW,Hybrid,1430, Negative/Nil income, 20-24 years,508,0,22.0
2020,NSW,Hybrid,1430, $150-$299, 55-64 years,32,224.5,59.5
2020,NSW,Hybrid,1430," $1,250-$1,499", 20-24 years,186,1374.5,22.0
2020,NSW,Hybrid,1430," $2,000-$2,999", 75-84 years,4,2499.5,79.5
2020,NSW,Hybrid,1430, Not stated, 65-74 years,64,0,69.5
2020,NSW,Hybrid,1430, Not stated, 75-84 years,41,0,79.5
2020,NSW,Hybrid,1430," $1,000-$1,249", 35-44 years,342,1124.5,39.5
2020,NSW,Hybrid,1430," $1,500-$1,749", 55-64 years,102,1624.5,59.5
2020,NSW,Hybrid,1430, $500-$649, 45-54 years,91,574.5,49.5
2020,NSW,Hybrid,1430," $1,500-$1,749", 65-74 years,20,1624.5,69.5
2020,NSW,Hybrid,1430, Negative/Nil income, 45-54 years,106,0,49.5
2020,NSW,Hybrid,1430," $1,750-$1,999", 25-34 years,522,1874.5,29.5
2020,NSW,Hybrid,1430, $300-$399, 85 years and over,45,349.5,85+
2020,NSW,Hybrid,1430, $1-$149, 15-19 years,98,75.0,17.0
2020,NSW,Hybrid,1430, $650-$799, 25-34 years,562,724.5,29.5
2020,NSW,Hybrid,1430, $800-$999, 55-64 years,136,899.5,59.5
2020,NSW,Hybrid,1430, $150-$299, 35-44 years,46,224.5,39.5
2020,NSW,Hybrid,1430," $1,000-$1,249", 55-64 years,150,1124.5,59.5
2020,NSW,Hybrid,1430, Not stated, 85 years and over,17,0,85+
2020,NSW,Hybrid,1430," $3,000-$3499", 35-44 years,146,3249.5,39.5
2020,NSW,Hybrid,1430," $2,000-$2,999", 55-64 years,123,2499.5,59.5
2020,NSW,Hybrid,1430," $1,750-$1,999", 45-54 years,120,1874.5,49.5
2020,NSW,Hybrid,1430, $300-$399, 20-24 years,144,349.5,22.0
2020,NSW,Hybrid,1430, $300-$399, 35-44 years,73,349.5,39.5
2020,NSW,Hybrid,1430, Negative/Nil income, 25-34 years,436,0,29.5
2020,NSW,Hybrid,1430, Negative/Nil income, 15-19 years,341,0,17.0
2020,NSW,Hybrid,1430," $2,000-$2,999", 35-44 years,585,2499.5,39.5
2020,NSW,Hybrid,1430," $3,000-$3499", 55-64 years,23,3249.5,59.5
2020,NSW,Hybrid,1430," $1,500-$1,749", 45-54 years,148,1624.5,49.5
2020,NSW,Hybrid,1430, Not stated, 45-54 years,69,0,49.5
2020,NSW,Hybrid,1430, $500-$649, 25-34 years,416,574.5,29.5
2020,NSW,Hybrid,1430, $800-$999, 20-24 years,338,899.5,22.0
2020,NSW,Hybrid,1430, $150-$299, 85 years and over,11,224.5,85+
3064,VIC,Hybrid,1354, $1-$149, 75-84 years,42,75.0,79.5
3064,VIC,Hybrid,1354, $1-$149, 15-19 years,1295,75.0,17.0
3064,VIC,Hybrid,1354," $1,000-$1,249", 35-44 years,2408,1124.5,39.5
3064,VIC,Hybrid,1354, $650-$799, 85 years and over,27,724.5,85+
3064,VIC,Hybrid,1354, $500-$649, 45-54 years,817,574.5,49.5
3064,VIC,Hybrid,1354," $1,750-$1,999", 25-34 years,878,1874.5,29.5
3064,VIC,Hybrid,1354," $3,000-$3499", 45-54 years,136,3249.5,49.5
3064,VIC,Hybrid,1354," $3,000-$3499", 55-64 years,57,3249.5,59.5
3064,VIC,Hybrid,1354," $1,250-$1,499", 75-84 years,10,1374.5,79.5
3064,VIC,Hybrid,1354," $1,500-$1,749", 65-74 years,74,1624.5,69.5
3064,VIC,Hybrid,1354, Total, 65-74 years,4897,0,69.5
3064,VIC,Hybrid,1354," $3,500 or more", 20-24 years,11,3500+,22.0
3064,VIC,Hybrid,1354," $3,500 or more", 35-44 years,233,3500+,39.5
3064,VIC,Hybrid,1354," $1,250-$1,499", 20-24 years,377,1374.5,22.0
3064,VIC,Hybrid,1354, $650-$799, 75-84 years,86,724.5,79.5
3064,VIC,Hybrid,1354, Negative/Nil income, 25-34 years,2072,0,29.5
3064,VIC,Hybrid,1354, $1-$149, 65-74 years,137,75.0,69.5
3064,VIC,Hybrid,1354, $400-$499, 15-19 years,192,449.5,17.0
3064,VIC,Hybrid,1354, $400-$499, 85 years and over,127,449.5,85+
3064,VIC,Hybrid,1354, $800-$999, 45-54 years,1231,899.5,49.5
3064,VIC,Hybrid,1354," $1,000-$1,249", 55-64 years,943,1124.5,59.5
3064,VIC,Hybrid,1354, $1-$149, 25-34 years,344,75.0,29.5
3064,VIC,Hybrid,1354, $400-$499, 55-64 years,717,449.5,59.5
3064,VIC,Hybrid,1354, $650-$799, 15-19 years,121,724.5,17.0
3064,VIC,Hybrid,1354," $1,000-$1,249", 85 years and over,3,1124.5,85+
3064,VIC,Hybrid,1354, Not stated, 45-54 years,763,0,49.5
3064,VIC,Hybrid,1354," $2,000-$2,999", 65-74 years,53,2499.5,69.5
3064,VIC,Hybrid,1354, Negative/Nil income, 75-84 years,194,0,79.5
3064,VIC,Hybrid,1354, $300-$399, 20-24 years,622,349.5,22.0
3064,VIC,Hybrid,1354, Total, 20-24 years,7985,0,22.0
3064,VIC,Hybrid,1354, Not stated, 25-34 years,1462,0,29.5
3064,VIC,Hybrid,1354, Negative/Nil income, 55-64 years,1244,0,59.5
3064,VIC,Hybrid,1354, $650-$799, 25-34 years,1726,724.5,29.5
3064,VIC,Hybrid,1354, Total, 35-44 years,19925,0,39.5
3064,VIC,Hybrid,1354, $500-$649, 75-84 years,178,574.5,79.5
3064,VIC,Hybrid,1354," $1,750-$1,999", 45-54 years,547,1874.5,49.5
3064,VIC,Hybrid,1354," $3,000-$3499", 20-24 years,16,3249.5,22.0
3064,VIC,Hybrid,1354," $1,250-$1,499", 45-54 years,972,1374.5,49.5
3064,VIC,Hybrid,1354, $1-$149, 45-54 years,182,75.0,49.5
3064,VIC,Hybrid,1354," $1,000-$1,249", 15-19 years,38,1124.5,17.0
3064,VIC,Hybrid,1354, $1-$149, 35-44 years,317,75.0,39.5
3064,VIC,Hybrid,1354, $300-$399, 65-74 years,1153,349.5,69.5
3064,VIC,Hybrid,1354, $650-$799, 55-64 years,590,724.5,59.5
3064,VIC,Hybrid,1354," $1,750-$1,999", 65-74 years,40,1874.5,69.5
3064,VIC,Hybrid,1354," $1,750-$1,999", 75-84 years,5,1874.5,79.5
3064,VIC,Hybrid,1354, $800-$999, 20-24 years,996,899.5,22.0
3064,VIC,Hybrid,1354, $650-$799, 65-74 years,273,724.5,69.5
3064,VIC,Hybrid,1354," $2,000-$2,999", 35-44 years,1658,2499.5,39.5
3064,VIC,Hybrid,1354, $1-$149, 55-64 years,150,75.0,59.5
3064,VIC,Hybrid,1354, $300-$399, 45-54 years,939,349.5,49.5
3064,VIC,Hybrid,1354," $1,000-$1,249", 65-74 years,151,1124.5,69.5
3064,VIC,Hybrid,1354," $1,750-$1,999", 15-19 years,3,1874.5,17.0
3064,VIC,Hybrid,1354, Total, 75-84 years,1849,0,79.5
3064,VIC,Hybrid,1354, Total, 15-19 years,7226,0,17.0
3064,VIC,Hybrid,1354," $3,000-$3499", 65-74 years,14,3249.5,69.5
3064,VIC,Hybrid,1354, $650-$799, 35-44 years,1576,724.5,39.5
3064,VIC,Hybrid,1354, Negative/Nil income, 85 years and over,44,0,85+
3064,VIC,Hybrid,1354, $300-$399, 75-84 years,507,349.5,79.5
3064,VIC,Hybrid,1354," $1,500-$1,749", 35-44 years,1538,1624.5,39.5
3064,VIC,Hybrid,1354," $1,750-$1,999", 20-24 years,52,1874.5,22.0
3064,VIC,Hybrid,1354," $1,250-$1,499", 25-34 years,2011,1374.5,29.5
3064,VIC,Hybrid,1354, Total, 45-54 years,12262,0,49.5
3064,VIC,Hybrid,1354," $3,500 or more", 45-54 years,127,3500+,49.5
3064,VIC,Hybrid,1354," $1,750-$1,999", 55-64 years,297,1874.5,59.5
3064,VIC,Hybrid,1354, $1-$149, 85 years and over,9,75.0,85+
3064,VIC,Hybrid,1354, $400-$499, 25-34 years,1048,449.5,29.5
3064,VIC,Hybrid,1354, $1-$149, 20-24 years,346,75.0,22.0
3064,VIC,Hybrid,1354," $1,750-$1,999", 35-44 years,1026,1874.5,39.5
3064,VIC,Hybrid,1354," $3,000-$3499", 25-34 years,118,3249.5,29.5
3064,VIC,Hybrid,1354," $1,000-$1,249", 25-34 years,2924,1124.5,29.5
3064,VIC,Hybrid,1354," $3,500 or more", 65-74 years,18,3500+,69.5
3064,VIC,Hybrid,1354, $300-$399, 25-34 years,998,349.5,29.5
3064,VIC,Hybrid,1354," $1,500-$1,749", 55-64 years,474,1624.5,59.5
3064,VIC,Hybrid,1354," $2,000-$2,999", 75-84 years,4,2499.5,79.5
3064,VIC,Hybrid,1354, Not stated, 65-74 years,301,0,69.5
3064,VIC,Hybrid,1354, Negative/Nil income, 35-44 years,1605,0,39.5
3064,VIC,Hybrid,1354," $1,250-$1,499", 85 years and over,5,1374.5,85+
3064,VIC,Hybrid,1354, $650-$799, 20-24 years,828,724.5,22.0
3064,VIC,Hybrid,1354, Total, 55-64 years,9204,0,59.5
3064,VIC,Hybrid,1354, $400-$499, 65-74 years,766,449.5,69.5
3064,VIC,Hybrid,1354, Not stated, 75-84 years,161,0,79.5
3064,VIC,Hybrid,1354," $1,000-$1,249", 45-54 years,1471,1124.5,49.5
3064,VIC,Hybrid,1354, $500-$649, 35-44 years,1257,574.5,39.5
3064,VIC,Hybrid,1354," $1,500-$1,749", 45-54 years,825,1624.5,49.5
3064,VIC,Hybrid,1354, $300-$399, 35-44 years,951,349.5,39.5
3064,VIC,Hybrid,1354," $1,250-$1,499", 15-19 years,14,1374.5,17.0
3064,VIC,Hybrid,1354, $400-$499, 75-84 years,439,449.5,79.5
3064,VIC,Hybrid,1354, Not stated, 55-64 years,521,0,59.5
3064,VIC,Hybrid,1354," $3,500 or more", 25-34 years,95,3500+,29.5
3064,VIC,Hybrid,1354," $3,500 or more", 75-84 years,5,3500+,79.5
3064,VIC,Hybrid,1354, $500-$649, 25-34 years,1382,574.5,29.5
3064,VIC,Hybrid,1354, $400-$499, 20-24 years,654,449.5,22.0
3064,VIC,Hybrid,1354, $150-$299, 65-74 years,334,224.5,69.5
3064,VIC,Hybrid,1354," $1,500-$1,749", 75-84 years,5,1624.5,79.5
3064,VIC,Hybrid,1354," $1,250-$1,499", 35-44 years,1820,1374.5,39.5
3064,VIC,Hybrid,1354," $2,000-$2,999", 20-24 years,58,2499.5,22.0
3064,VIC,Hybrid,1354, $500-$649, 55-64 years,591,574.5,59.5
3064,VIC,Hybrid,1354, $800-$999, 85 years and over,13,899.5,85+
3064,VIC,Hybrid,1354, $650-$799, 45-54 years,886,724.5,49.5
3064,VIC,Hybrid,1354, Not stated, 15-19 years,515,0,17.0
3064,VIC,Hybrid,1354, $300-$399, 85 years and over,140,349.5,85+
3064,VIC,Hybrid,1354, $150-$299, 45-54 years,737,224.5,49.5
3064,VIC,Hybrid,1354," $3,000-$3499", 35-44 years,289,3249.5,39.5
3064,VIC,Hybrid,1354," $1,000-$1,249", 20-24 years,713,1124.5,22.0
3064,VIC,Hybrid,1354, $800-$999, 65-74 years,229,899.5,69.5
3064,VIC,Hybrid,1354," $1,250-$1,499", 55-64 years,588,1374.5,59.5
3064,VIC,Hybrid,1354, $150-$299, 85 years and over,29,224.5,85+
3064,VIC,Hybrid,1354," $3,500 or more", 55-64 years,85,3500+,59.5
3064,VIC,Hybrid,1354, Total, 25-34 years,21003,0,29.5
3064,VIC,Hybrid,1354, $500-$649, 15-19 years,216,574.5,17.0
3064,VIC,Hybrid,1354, $400-$499, 35-44 years,952,449.5,39.5
3064,VIC,Hybrid,1354," $1,500-$1,749", 25-34 years,1510,1624.5,29.5
3064,VIC,Hybrid,1354," $1,000-$1,249", 75-84 years,22,1124.5,79.5
3064,VIC,Hybrid,1354, Not stated, 35-44 years,1214,0,39.5
3064,VIC,Hybrid,1354, $500-$649, 20-24 years,836,574.5,22.0
3064,VIC,Hybrid,1354, Negative/Nil income, 15-19 years,3450,0,17.0
3064,VIC,Hybrid,1354, Total, 85 years and over,539,0,85+
3064,VIC,Hybrid,1354," $2,000-$2,999", 45-54 years,749,2499.5,49.5
3064,VIC,Hybrid,1354, $800-$999, 35-44 years,2103,899.5,39.5
3064,VIC,Hybrid,1354, $150-$299, 15-19 years,975,224.5,17.0
3064,VIC,Hybrid,1354, $150-$299, 25-34 years,913,224.5,29.5
3064,VIC,Hybrid,1354, $300-$399, 55-64 years,1126,349.5,59.5
3064,VIC,Hybrid,1354, $800-$999, 25-34 years,2533,899.5,29.5
3064,VIC,Hybrid,1354, $150-$299, 20-24 years,912,224.5,22.0
3064,VIC,Hybrid,1354, Not stated, 85 years and over,90,0,85+
3064,VIC,Hybrid,1354, Not stated, 20-24 years,554,0,22.0
3064,VIC,Hybrid,1354, Negative/Nil income, 20-24 years,876,0,22.0
3064,VIC,Hybrid,1354," $1,250-$1,499", 65-74 years,97,1374.5,69.5
3064,VIC,Hybrid,1354, $500-$649, 65-74 years,379,574.5,69.5
3064,VIC,Hybrid,1354, Negative/Nil income, 45-54 years,1083,0,49.5
3064,VIC,Hybrid,1354," $2,000-$2,999", 25-34 years,989,2499.5,29.5
3064,VIC,Hybrid,1354," $2,000-$2,999", 55-64 years,357,2499.5,59.5
3064,VIC,Hybrid,1354, $150-$299, 75-84 years,124,224.5,79.5
3064,VIC,Hybrid,1354, $150-$299, 35-44 years,986,224.5,39.5
3064,VIC,Hybrid,1354, $800-$999, 15-19 years,87,899.5,17.0
3064,VIC,Hybrid,1354, $500-$649, 85 years and over,46,574.5,85+
3064,VIC,Hybrid,1354, $800-$999, 55-64 years,792,899.5,59.5
3064,VIC,Hybrid,1354, $800-$999, 75-84 years,67,899.5,79.5
3064,VIC,Hybrid,1354," $1,500-$1,749", 20-24 years,151,1624.5,22.0
3064,VIC,Hybrid,1354, $300-$399, 15-19 years,323,349.5,17.0
3064,VIC,Hybrid,1354, $400-$499, 45-54 years,792,449.5,49.5
3064,VIC,Hybrid,1354, Negative/Nil income, 65-74 years,884,0,69.5
3064,VIC,Hybrid,1354, $150-$299, 55-64 years,666,224.5,59.5
3000,VIC,Hybrid,1259," $3,000-$3499", 20-24 years,21,3249.5,22.0
3000,VIC,Hybrid,1259, $650-$799, 55-64 years,76,724.5,59.5
3000,VIC,Hybrid,1259," $1,750-$1,999", 65-74 years,23,1874.5,69.5
3000,VIC,Hybrid,1259," $1,250-$1,499", 45-54 years,163,1374.5,49.5
3000,VIC,Hybrid,1259," $1,000-$1,249", 75-84 years,15,1124.5,79.5
3000,VIC,Hybrid,1259," $1,500-$1,749", 25-34 years,1171,1624.5,29.5
3000,VIC,Hybrid,1259, $300-$399, 65-74 years,83,349.5,69.5
3000,VIC,Hybrid,1259, Negative/Nil income, 75-84 years,33,0,79.5
3000,VIC,Hybrid,1259, $300-$399, 55-64 years,97,349.5,59.5
3000,VIC,Hybrid,1259," $1,750-$1,999", 75-84 years,5,1874.5,79.5
3000,VIC,Hybrid,1259, $650-$799, 45-54 years,93,724.5,49.5
3000,VIC,Hybrid,1259, $1-$149, 35-44 years,71,75.0,39.5
3000,VIC,Hybrid,1259," $1,500-$1,749", 35-44 years,452,1624.5,39.5
3000,VIC,Hybrid,1259, $500-$649, 20-24 years,1070,574.5,22.0
3000,VIC,Hybrid,1259, $150-$299, 75-84 years,9,224.5,79.5
3000,VIC,Hybrid,1259, $1-$149, 45-54 years,33,75.0,49.5
3000,VIC,Hybrid,1259," $2,000-$2,999", 25-34 years,1180,2499.5,29.5
3000,VIC,Hybrid,1259, Not stated, 45-54 years,309,0,49.5
3000,VIC,Hybrid,1259, Negative/Nil income, 85 years and over,8,0,85+
3000,VIC,Hybrid,1259," $1,750-$1,999", 20-24 years,85,1874.5,22.0
3000,VIC,Hybrid,1259, Total, 15-19 years,1726,0,17.0
3000,VIC,Hybrid,1259, Not stated, 20-24 years,938,0,22.0
3000,VIC,Hybrid,1259," $1,000-$1,249", 55-64 years,147,1124.5,59.5
3000,VIC,Hybrid,1259, $300-$399, 15-19 years,182,349.5,17.0
3000,VIC,Hybrid,1259, $1-$149, 65-74 years,39,75.0,69.5
3000,VIC,Hybrid,1259," $1,000-$1,249", 25-34 years,2187,1124.5,29.5
3000,VIC,Hybrid,1259," $3,500 or more", 65-74 years,61,3500+,69.5
3000,VIC,Hybrid,1259," $3,000-$3499", 25-34 years,204,3249.5,29.5
3000,VIC,Hybrid,1259," $1,750-$1,999", 35-44 years,370,1874.5,39.5
3000,VIC,Hybrid,1259, Negative/Nil income, 45-54 years,212,0,49.5
3000,VIC,Hybrid,1259, $500-$649, 65-74 years,85,574.5,69.5
3000,VIC,Hybrid,1259, $400-$499, 25-34 years,932,449.5,29.5
3000,VIC,Hybrid,1259, $1-$149, 85 years and over,6,75.0,85+
3000,VIC,Hybrid,1259, $300-$399, 75-84 years,29,349.5,79.5
3000,VIC,Hybrid,1259," $1,000-$1,249", 15-19 years,27,1124.5,17.0
3000,VIC,Hybrid,1259, $500-$649, 45-54 years,141,574.5,49.5
3000,VIC,Hybrid,1259," $1,000-$1,249", 35-44 years,569,1124.5,39.5
3000,VIC,Hybrid,1259," $3,000-$3499", 45-54 years,99,3249.5,49.5
3000,VIC,Hybrid,1259," $1,250-$1,499", 20-24 years,389,1374.5,22.0
3000,VIC,Hybrid,1259, Not stated, 65-74 years,102,0,69.5
3000,VIC,Hybrid,1259," $1,500-$1,749", 55-64 years,96,1624.5,59.5
3000,VIC,Hybrid,1259, $300-$399, 35-44 years,242,349.5,39.5
3000,VIC,Hybrid,1259, Negative/Nil income, 25-34 years,1526,0,29.5
3000,VIC,Hybrid,1259," $3,500 or more", 85 years and over,3,3500+,85+
3000,VIC,Hybrid,1259, Total, 65-74 years,956,0,69.5
3000,VIC,Hybrid,1259, $500-$649, 35-44 years,308,574.5,39.5
3000,VIC,Hybrid,1259," $1,500-$1,749", 45-54 years,149,1624.5,49.5
3000,VIC,Hybrid,1259," $3,000-$3499", 55-64 years,67,3249.5,59.5
3000,VIC,Hybrid,1259," $1,000-$1,249", 45-54 years,178,1124.5,49.5
3000,VIC,Hybrid,1259," $1,500-$1,749", 15-19 years,7,1624.5,17.0
3000,VIC,Hybrid,1259," $3,000-$3499", 65-74 years,14,3249.5,69.5
3000,VIC,Hybrid,1259, $300-$399, 45-54 years,103,349.5,49.5
3000,VIC,Hybrid,1259, $650-$799, 15-19 years,84,724.5,17.0
3000,VIC,Hybrid,1259," $1,750-$1,999", 45-54 years,140,1874.5,49.5
3000,VIC,Hybrid,1259, $650-$799, 75-84 years,19,724.5,79.5
3000,VIC,Hybrid,1259," $3,500 or more", 35-44 years,321,3500+,39.5
3000,VIC,Hybrid,1259, $300-$399, 20-24 years,952,349.5,22.0
3000,VIC,Hybrid,1259," $3,000-$3499", 35-44 years,213,3249.5,39.5
3000,VIC,Hybrid,1259, $300-$399, 85 years and over,6,349.5,85+
3000,VIC,Hybrid,1259, Not stated, 75-84 years,42,0,79.5
3000,VIC,Hybrid,1259, $650-$799, 25-34 years,1518,724.5,29.5
3000,VIC,Hybrid,1259," $1,000-$1,249", 20-24 years,827,1124.5,22.0
3000,VIC,Hybrid,1259, Negative/Nil income, 55-64 years,192,0,59.5
3000,VIC,Hybrid,1259," $1,750-$1,999", 25-34 years,781,1874.5,29.5
3000,VIC,Hybrid,1259, $1-$149, 15-19 years,141,75.0,17.0
3000,VIC,Hybrid,1259, $400-$499, 35-44 years,203,449.5,39.5
3000,VIC,Hybrid,1259, Negative/Nil income, 65-74 years,123,0,69.5
3000,VIC,Hybrid,1259, Total, 25-34 years,17665,0,29.5
3000,VIC,Hybrid,1259, Not stated, 35-44 years,640,0,39.5
3000,VIC,Hybrid,1259, $500-$649, 75-84 years,30,574.5,79.5
3000,VIC,Hybrid,1259," $2,000-$2,999", 45-54 years,328,2499.5,49.5
3000,VIC,Hybrid,1259, $500-$649, 15-19 years,133,574.5,17.0
3000,VIC,Hybrid,1259," $2,000-$2,999", 35-44 years,820,2499.5,39.5
3000,VIC,Hybrid,1259, $800-$999, 25-34 years,1804,899.5,29.5
3000,VIC,Hybrid,1259, $800-$999, 35-44 years,462,899.5,39.5
3000,VIC,Hybrid,1259," $1,500-$1,749", 20-24 years,171,1624.5,22.0
3000,VIC,Hybrid,1259, $150-$299, 20-24 years,788,224.5,22.0
3000,VIC,Hybrid,1259," $1,000-$1,249", 65-74 years,53,1124.5,69.5
3000,VIC,Hybrid,1259, $500-$649, 85 years and over,3,574.5,85+
3000,VIC,Hybrid,1259, Not stated, 25-34 years,1708,0,29.5
3000,VIC,Hybrid,1259," $1,750-$1,999", 55-64 years,67,1874.5,59.5
3000,VIC,Hybrid,1259, Negative/Nil income, 15-19 years,543,0,17.0
3000,VIC,Hybrid,1259, $650-$799, 65-74 years,41,724.5,69.5
3000,VIC,Hybrid,1259, $1-$149, 55-64 years,41,75.0,59.5
3000,VIC,Hybrid,1259, $800-$999, 85 years and over,7,899.5,85+
3000,VIC,Hybrid,1259, $150-$299, 15-19 years,230,224.5,17.0
3000,VIC,Hybrid,1259, $800-$999, 20-24 years,925,899.5,22.0
3000,VIC,Hybrid,1259, $150-$299, 85 years and over,3,224.5,85+
3000,VIC,Hybrid,1259, $500-$649, 25-34 years,1492,574.5,29.5
3000,VIC,Hybrid,1259, Total, 75-84 years,323,0,79.5
3000,VIC,Hybrid,1259," $1,250-$1,499", 65-74 years,37,1374.5,69.5
3000,VIC,Hybrid,1259, $150-$299, 35-44 years,113,224.5,39.5
3000,VIC,Hybrid,1259," $2,000-$2,999", 55-64 years,168,2499.5,59.5
3000,VIC,Hybrid,1259, Total, 45-54 years,2466,0,49.5
3000,VIC,Hybrid,1259," $1,250-$1,499", 25-34 years,1508,1374.5,29.5
3000,VIC,Hybrid,1259, $800-$999, 75-84 years,21,899.5,79.5
3000,VIC,Hybrid,1259, $650-$799, 35-44 years,336,724.5,39.5
3000,VIC,Hybrid,1259, $800-$999, 55-64 years,91,899.5,59.5
3000,VIC,Hybrid,1259, $400-$499, 45-54 years,77,449.5,49.5
3000,VIC,Hybrid,1259," $3,000-$3499", 15-19 years,5,3249.5,17.0
3000,VIC,Hybrid,1259, $1-$149, 20-24 years,425,75.0,22.0
3000,VIC,Hybrid,1259," $1,500-$1,749", 65-74 years,30,1624.5,69.5
3000,VIC,Hybrid,1259, $650-$799, 20-24 years,842,724.5,22.0
3000,VIC,Hybrid,1259," $3,500 or more", 45-54 years,211,3500+,49.5
3000,VIC,Hybrid,1259, Not stated, 85 years and over,16,0,85+
3000,VIC,Hybrid,1259," $2,000-$2,999", 15-19 years,9,2499.5,17.0
3000,VIC,Hybrid,1259," $2,000-$2,999", 75-84 years,18,2499.5,79.5
3000,VIC,Hybrid,1259," $3,500 or more", 25-34 years,227,3500+,29.5
3000,VIC,Hybrid,1259, $1-$149, 75-84 years,5,75.0,79.5
3000,VIC,Hybrid,1259, $800-$999, 65-74 years,72,899.5,69.5
3000,VIC,Hybrid,1259, $300-$399, 25-34 years,815,349.5,29.5
3000,VIC,Hybrid,1259, $400-$499, 15-19 years,129,449.5,17.0
3000,VIC,Hybrid,1259, $650-$799, 85 years and over,9,724.5,85+
3000,VIC,Hybrid,1259, $150-$299, 55-64 years,69,224.5,59.5
3000,VIC,Hybrid,1259, Negative/Nil income, 35-44 years,368,0,39.5
3000,VIC,Hybrid,1259," $2,000-$2,999", 20-24 years,104,2499.5,22.0
3000,VIC,Hybrid,1259," $1,250-$1,499", 15-19 years,9,1374.5,17.0
3000,VIC,Hybrid,1259," $1,250-$1,499", 75-84 years,10,1374.5,79.5
3000,VIC,Hybrid,1259," $3,500 or more", 20-24 years,26,3500+,22.0
3000,VIC,Hybrid,1259, $400-$499, 75-84 years,47,449.5,79.5
3000,VIC,Hybrid,1259, Total, 55-64 years,1688,0,59.5
3000,VIC,Hybrid,1259, $400-$499, 65-74 years,88,449.5,69.5
3000,VIC,Hybrid,1259," $1,250-$1,499", 85 years and over,3,1374.5,85+
3000,VIC,Hybrid,1259, $800-$999, 15-19 years,50,899.5,17.0
3000,VIC,Hybrid,1259," $3,500 or more", 75-84 years,24,3500+,79.5
3000,VIC,Hybrid,1259, Negative/Nil income, 20-24 years,2412,0,22.0
3000,VIC,Hybrid,1259, $800-$999, 45-54 years,158,899.5,49.5
3000,VIC,Hybrid,1259," $3,500 or more", 15-19 years,3,3500+,17.0
3000,VIC,Hybrid,1259, $400-$499, 55-64 years,60,449.5,59.5
3000,VIC,Hybrid,1259, Not stated, 55-64 years,204,0,59.5
3000,VIC,Hybrid,1259, $150-$299, 65-74 years,46,224.5,69.5
3000,VIC,Hybrid,1259, $400-$499, 20-24 years,843,449.5,22.0
3000,VIC,Hybrid,1259, $400-$499, 85 years and over,11,449.5,85+
3000,VIC,Hybrid,1259, Total, 35-44 years,5909,0,39.5
3000,VIC,Hybrid,1259," $2,000-$2,999", 85 years and over,6,2499.5,85+
3000,VIC,Hybrid,1259, $1-$149, 25-34 years,198,75.0,29.5
3000,VIC,Hybrid,1259, Total, 20-24 years,10827,0,22.0
3000,VIC,Hybrid,1259, Total, 85 years and over,73,0,85+
3000,VIC,Hybrid,1259, $150-$299, 45-54 years,67,224.5,49.5
3000,VIC,Hybrid,1259," $1,250-$1,499", 55-64 years,82,1374.5,59.5
3000,VIC,Hybrid,1259, $150-$299, 25-34 years,425,224.5,29.5
3000,VIC,Hybrid,1259, $500-$649, 55-64 years,73,574.5,59.5
3000,VIC,Hybrid,1259," $3,500 or more", 55-64 years,153,3500+,59.5
3000,VIC,Hybrid,1259," $1,250-$1,499", 35-44 years,424,1374.5,39.5
3000,VIC,Hybrid,1259, Not stated, 15-19 years,170,0,17.0
3000,VIC,Hybrid,1259," $2,000-$2,999", 65-74 years,55,2499.5,69.5
3000,VIC,Hybrid,1259," $1,500-$1,749", 75-84 years,11,1624.5,79.5
2000,NSW,Hybrid,1215," $3,500 or more", 25-34 years,365,3500+,29.5
2000,NSW,Hybrid,1215," $1,250-$1,499", 85 years and over,7,1374.5,85+
2000,NSW,Hybrid,1215, Negative/Nil income, 35-44 years,342,0,39.5
2000,NSW,Hybrid,1215, Not stated, 65-74 years,92,0,69.5
2000,NSW,Hybrid,1215, $650-$799, 25-34 years,1118,724.5,29.5
2000,NSW,Hybrid,1215," $1,750-$1,999", 35-44 years,270,1874.5,39.5
2000,NSW,Hybrid,1215," $2,000-$2,999", 75-84 years,57,2499.5,79.5
2000,NSW,Hybrid,1215," $1,250-$1,499", 15-19 years,4,1374.5,17.0
2000,NSW,Hybrid,1215," $1,000-$1,249", 45-54 years,170,1124.5,49.5
2000,NSW,Hybrid,1215," $3,500 or more", 20-24 years,28,3500+,22.0
2000,NSW,Hybrid,1215, $300-$399, 35-44 years,160,349.5,39.5
2000,NSW,Hybrid,1215," $3,000-$3499", 55-64 years,89,3249.5,59.5
2000,NSW,Hybrid,1215, Total, 55-64 years,1872,0,59.5
2000,NSW,Hybrid,1215, Total, 45-54 years,2398,0,49.5
2000,NSW,Hybrid,1215, $400-$499, 65-74 years,108,449.5,69.5
2000,NSW,Hybrid,1215, $300-$399, 25-34 years,402,349.5,29.5
2000,NSW,Hybrid,1215, $800-$999, 15-19 years,24,899.5,17.0
2000,NSW,Hybrid,1215, $150-$299, 35-44 years,86,224.5,39.5
2000,NSW,Hybrid,1215," $1,750-$1,999", 85 years and over,3,1874.5,85+
2000,NSW,Hybrid,1215," $1,000-$1,249", 55-64 years,96,1124.5,59.5
2000,NSW,Hybrid,1215, $500-$649, 65-74 years,75,574.5,69.5
2000,NSW,Hybrid,1215, $500-$649, 25-34 years,1012,574.5,29.5
2000,NSW,Hybrid,1215," $1,500-$1,749", 45-54 years,131,1624.5,49.5
2000,NSW,Hybrid,1215, Not stated, 20-24 years,344,0,22.0
2000,NSW,Hybrid,1215," $3,000-$3499", 25-34 years,206,3249.5,29.5
2000,NSW,Hybrid,1215," $3,000-$3499", 75-84 years,16,3249.5,79.5
2000,NSW,Hybrid,1215, $1-$149, 85 years and over,4,75.0,85+
2000,NSW,Hybrid,1215, $300-$399, 55-64 years,59,349.5,59.5
2000,NSW,Hybrid,1215, $800-$999, 55-64 years,106,899.5,59.5
2000,NSW,Hybrid,1215, $300-$399, 75-84 years,48,349.5,79.5
2000,NSW,Hybrid,1215, $650-$799, 20-24 years,358,724.5,22.0
2000,NSW,Hybrid,1215, Negative/Nil income, 45-54 years,194,0,49.5
2000,NSW,Hybrid,1215, Total, 25-34 years,10684,0,29.5
2000,NSW,Hybrid,1215, Not stated, 35-44 years,468,0,39.5
2000,NSW,Hybrid,1215," $3,000-$3499", 20-24 years,24,3249.5,22.0
2000,NSW,Hybrid,1215, $650-$799, 55-64 years,77,724.5,59.5
2000,NSW,Hybrid,1215," $3,000-$3499", 85 years and over,3,3249.5,85+
2000,NSW,Hybrid,1215, $150-$299, 85 years and over,4,224.5,85+
2000,NSW,Hybrid,1215, $500-$649, 85 years and over,10,574.5,85+
2000,NSW,Hybrid,1215, $150-$299, 20-24 years,109,224.5,22.0
2000,NSW,Hybrid,1215, $500-$649, 75-84 years,50,574.5,79.5
2000,NSW,Hybrid,1215," $2,000-$2,999", 35-44 years,636,2499.5,39.5
2000,NSW,Hybrid,1215, Negative/Nil income, 65-74 years,170,0,69.5
2000,NSW,Hybrid,1215, $1-$149, 35-44 years,34,75.0,39.5
2000,NSW,Hybrid,1215, $400-$499, 45-54 years,69,449.5,49.5
2000,NSW,Hybrid,1215, Not stated, 25-34 years,1010,0,29.5
2000,NSW,Hybrid,1215, Not stated, 45-54 years,205,0,49.5
2000,NSW,Hybrid,1215, Negative/Nil income, 75-84 years,60,0,79.5
2000,NSW,Hybrid,1215, $500-$649, 15-19 years,44,574.5,17.0
2000,NSW,Hybrid,1215," $1,750-$1,999", 55-64 years,66,1874.5,59.5
2000,NSW,Hybrid,1215," $1,500-$1,749", 25-34 years,564,1624.5,29.5
2000,NSW,Hybrid,1215, Negative/Nil income, 15-19 years,281,0,17.0
2000,NSW,Hybrid,1215, $800-$999, 85 years and over,13,899.5,85+
2000,NSW,Hybrid,1215, $300-$399, 45-54 years,69,349.5,49.5
2000,NSW,Hybrid,1215," $1,500-$1,749", 75-84 years,23,1624.5,79.5
2000,NSW,Hybrid,1215," $3,000-$3499", 35-44 years,241,3249.5,39.5
2000,NSW,Hybrid,1215, Negative/Nil income, 20-24 years,535,0,22.0
2000,NSW,Hybrid,1215, Negative/Nil income, 55-64 years,217,0,59.5
2000,NSW,Hybrid,1215, $300-$399, 85 years and over,4,349.5,85+
2000,NSW,Hybrid,1215," $3,000-$3499", 65-74 years,45,3249.5,69.5
2000,NSW,Hybrid,1215, $1-$149, 55-64 years,46,75.0,59.5
2000,NSW,Hybrid,1215, $650-$799, 75-84 years,39,724.5,79.5
2000,NSW,Hybrid,1215," $1,000-$1,249", 20-24 years,307,1124.5,22.0
2000,NSW,Hybrid,1215, $500-$649, 35-44 years,357,574.5,39.5
2000,NSW,Hybrid,1215, $500-$649, 55-64 years,74,574.5,59.5
2000,NSW,Hybrid,1215," $1,000-$1,249", 65-74 years,73,1124.5,69.5
2000,NSW,Hybrid,1215, $150-$299, 45-54 years,35,224.5,49.5
2000,NSW,Hybrid,1215," $1,000-$1,249", 85 years and over,13,1124.5,85+
2000,NSW,Hybrid,1215, Not stated, 15-19 years,41,0,17.0
2000,NSW,Hybrid,1215, $1-$149, 15-19 years,42,75.0,17.0
2000,NSW,Hybrid,1215, Not stated, 75-84 years,56,0,79.5
2000,NSW,Hybrid,1215, $300-$399, 65-74 years,61,349.5,69.5
2000,NSW,Hybrid,1215," $1,500-$1,749", 55-64 years,90,1624.5,59.5
2000,NSW,Hybrid,1215, $500-$649, 45-54 years,99,574.5,49.5
2000,NSW,Hybrid,1215, $400-$499, 75-84 years,47,449.5,79.5
2000,NSW,Hybrid,1215, $400-$499, 15-19 years,36,449.5,17.0
2000,NSW,Hybrid,1215, Total, 65-74 years,1310,0,69.5
2000,NSW,Hybrid,1215, $150-$299, 55-64 years,67,224.5,59.5
2000,NSW,Hybrid,1215," $1,250-$1,499", 20-24 years,172,1374.5,22.0
2000,NSW,Hybrid,1215, $1-$149, 20-24 years,59,75.0,22.0
2000,NSW,Hybrid,1215, $800-$999, 65-74 years,74,899.5,69.5
2000,NSW,Hybrid,1215," $2,000-$2,999", 85 years and over,10,2499.5,85+
2000,NSW,Hybrid,1215," $1,250-$1,499", 75-84 years,24,1374.5,79.5
2000,NSW,Hybrid,1215, $150-$299, 65-74 years,43,224.5,69.5
2000,NSW,Hybrid,1215, $300-$399, 20-24 years,208,349.5,22.0
2000,NSW,Hybrid,1215, $800-$999, 75-84 years,36,899.5,79.5
2000,NSW,Hybrid,1215," $1,000-$1,249", 35-44 years,547,1124.5,39.5
2000,NSW,Hybrid,1215," $3,000-$3499", 45-54 years,116,3249.5,49.5
2000,NSW,Hybrid,1215," $3,500 or more", 85 years and over,17,3500+,85+
2000,NSW,Hybrid,1215," $2,000-$2,999", 20-24 years,67,2499.5,22.0
2000,NSW,Hybrid,1215," $1,250-$1,499", 65-74 years,70,1374.5,69.5
2000,NSW,Hybrid,1215," $1,750-$1,999", 20-24 years,43,1874.5,22.0
2000,NSW,Hybrid,1215, Not stated, 85 years and over,24,0,85+
2000,NSW,Hybrid,1215, $800-$999, 20-24 years,370,899.5,22.0
2000,NSW,Hybrid,1215," $1,000-$1,249", 25-34 years,1140,1124.5,29.5
2000,NSW,Hybrid,1215, $650-$799, 35-44 years,375,724.5,39.5
2000,NSW,Hybrid,1215, $1-$149, 65-74 years,35,75.0,69.5
2000,NSW,Hybrid,1215, Total, 75-84 years,625,0,79.5
2000,NSW,Hybrid,1215, Negative/Nil income, 25-34 years,699,0,29.5
2000,NSW,Hybrid,1215, $300-$399, 15-19 years,38,349.5,17.0
2000,NSW,Hybrid,1215," $1,250-$1,499", 25-34 years,733,1374.5,29.5
2000,NSW,Hybrid,1215, $800-$999, 35-44 years,490,899.5,39.5
2000,NSW,Hybrid,1215, $650-$799, 85 years and over,9,724.5,85+
2000,NSW,Hybrid,1215, $400-$499, 25-34 years,654,449.5,29.5
2000,NSW,Hybrid,1215, Total, 15-19 years,610,0,17.0
2000,NSW,Hybrid,1215," $3,500 or more", 45-54 years,432,3500+,49.5
2000,NSW,Hybrid,1215," $1,500-$1,749", 65-74 years,60,1624.5,69.5
2000,NSW,Hybrid,1215," $2,000-$2,999", 55-64 years,195,2499.5,59.5
2000,NSW,Hybrid,1215," $1,000-$1,249", 15-19 years,11,1124.5,17.0
2000,NSW,Hybrid,1215, $1-$149, 45-54 years,32,75.0,49.5
2000,NSW,Hybrid,1215," $1,000-$1,249", 75-84 years,40,1124.5,79.5
2000,NSW,Hybrid,1215, $400-$499, 35-44 years,239,449.5,39.5
2000,NSW,Hybrid,1215," $2,000-$2,999", 45-54 years,311,2499.5,49.5
2000,NSW,Hybrid,1215, $800-$999, 25-34 years,1186,899.5,29.5
2000,NSW,Hybrid,1215," $1,250-$1,499", 45-54 years,137,1374.5,49.5
2000,NSW,Hybrid,1215," $1,250-$1,499", 55-64 years,94,1374.5,59.5
2000,NSW,Hybrid,1215," $1,500-$1,749", 85 years and over,4,1624.5,85+
2000,NSW,Hybrid,1215," $3,500 or more", 65-74 years,176,3500+,69.5
2000,NSW,Hybrid,1215," $1,750-$1,999", 75-84 years,28,1874.5,79.5
2000,NSW,Hybrid,1215, $650-$799, 65-74 years,65,724.5,69.5
2000,NSW,Hybrid,1215, $650-$799, 45-54 years,129,724.5,49.5
2000,NSW,Hybrid,1215, Total, 35-44 years,5424,0,39.5
2000,NSW,Hybrid,1215," $1,500-$1,749", 20-24 years,94,1624.5,22.0
2000,NSW,Hybrid,1215," $1,500-$1,749", 35-44 years,284,1624.5,39.5
2000,NSW,Hybrid,1215, $150-$299, 75-84 years,16,224.5,79.5
2000,NSW,Hybrid,1215," $1,750-$1,999", 65-74 years,56,1874.5,69.5
2000,NSW,Hybrid,1215," $3,500 or more", 15-19 years,6,3500+,17.0
2000,NSW,Hybrid,1215, Negative/Nil income, 85 years and over,24,0,85+
2000,NSW,Hybrid,1215, $500-$649, 20-24 years,402,574.5,22.0
2000,NSW,Hybrid,1215, $1-$149, 25-34 years,67,75.0,29.5
2000,NSW,Hybrid,1215, $400-$499, 55-64 years,71,449.5,59.5
2000,NSW,Hybrid,1215," $2,000-$2,999", 25-34 years,931,2499.5,29.5
2000,NSW,Hybrid,1215," $3,500 or more", 75-84 years,75,3500+,79.5
2000,NSW,Hybrid,1215," $1,750-$1,999", 45-54 years,112,1874.5,49.5
2000,NSW,Hybrid,1215, $150-$299, 15-19 years,57,224.5,17.0
2000,NSW,Hybrid,1215, $400-$499, 85 years and over,12,449.5,85+
2000,NSW,Hybrid,1215, Not stated, 55-64 years,152,0,59.5
2000,NSW,Hybrid,1215, Total, 85 years and over,165,0,85+
2000,NSW,Hybrid,1215, Total, 20-24 years,3429,0,22.0
2000,NSW,Hybrid,1215," $1,750-$1,999", 25-34 years,431,1874.5,29.5
2000,NSW,Hybrid,1215, $150-$299, 25-34 years,158,224.5,29.5
2000,NSW,Hybrid,1215," $3,500 or more", 55-64 years,379,3500+,59.5
2000,NSW,Hybrid,1215," $3,500 or more", 35-44 years,576,3500+,39.5
2000,NSW,Hybrid,1215," $2,000-$2,999", 65-74 years,100,2499.5,69.5
2000,NSW,Hybrid,1215, $400-$499, 20-24 years,294,449.5,22.0
2000,NSW,Hybrid,1215," $1,250-$1,499", 35-44 years,312,1374.5,39.5
2000,NSW,Hybrid,1215, $1-$149, 75-84 years,9,75.0,79.5
2000,NSW,Hybrid,1215, $650-$799, 15-19 years,26,724.5,17.0
2000,NSW,Hybrid,1215, $800-$999, 45-54 years,144,899.5,49.5
3175,VIC,Hybrid,1188, $300-$399, 35-44 years,401,349.5,39.5
3175,VIC,Hybrid,1188, $500-$649, 55-64 years,453,574.5,59.5
3175,VIC,Hybrid,1188, Not stated, 15-19 years,249,0,17.0
3175,VIC,Hybrid,1188, $800-$999, 15-19 years,30,899.5,17.0
3175,VIC,Hybrid,1188," $1,000-$1,249", 45-54 years,740,1124.5,49.5
3175,VIC,Hybrid,1188, $1-$149, 85 years and over,14,75.0,85+
3175,VIC,Hybrid,1188," $3,000-$3499", 55-64 years,39,3249.5,59.5
3175,VIC,Hybrid,1188," $1,750-$1,999", 35-44 years,345,1874.5,39.5
3175,VIC,Hybrid,1188," $1,250-$1,499", 85 years and over,3,1374.5,85+
3175,VIC,Hybrid,1188," $3,000-$3499", 65-74 years,8,3249.5,69.5
3175,VIC,Hybrid,1188, $1-$149, 25-34 years,137,75.0,29.5
3175,VIC,Hybrid,1188," $2,000-$2,999", 75-84 years,10,2499.5,79.5
3175,VIC,Hybrid,1188, Not stated, 20-24 years,318,0,22.0
3175,VIC,Hybrid,1188, $300-$399, 25-34 years,437,349.5,29.5
3175,VIC,Hybrid,1188, $800-$999, 85 years and over,18,899.5,85+
3175,VIC,Hybrid,1188, $150-$299, 65-74 years,322,224.5,69.5
3175,VIC,Hybrid,1188, $400-$499, 65-74 years,846,449.5,69.5
3175,VIC,Hybrid,1188," $1,000-$1,249", 35-44 years,964,1124.5,39.5
3175,VIC,Hybrid,1188, $650-$799, 45-54 years,504,724.5,49.5
3175,VIC,Hybrid,1188, $800-$999, 55-64 years,521,899.5,59.5
3175,VIC,Hybrid,1188," $1,500-$1,749", 20-24 years,57,1624.5,22.0
3175,VIC,Hybrid,1188, $300-$399, 55-64 years,586,349.5,59.5
3175,VIC,Hybrid,1188, $650-$799, 20-24 years,384,724.5,22.0
3175,VIC,Hybrid,1188, $500-$649, 65-74 years,519,574.5,69.5
3175,VIC,Hybrid,1188, Negative/Nil income, 65-74 years,446,0,69.5
3175,VIC,Hybrid,1188," $1,500-$1,749", 85 years and over,10,1624.5,85+
3175,VIC,Hybrid,1188," $1,500-$1,749", 45-54 years,338,1624.5,49.5
3175,VIC,Hybrid,1188, Not stated, 85 years and over,206,0,85+
3175,VIC,Hybrid,1188," $1,000-$1,249", 55-64 years,510,1124.5,59.5
3175,VIC,Hybrid,1188, $150-$299, 35-44 years,336,224.5,39.5
3175,VIC,Hybrid,1188," $3,500 or more", 25-34 years,50,3500+,29.5
3175,VIC,Hybrid,1188," $1,750-$1,999", 85 years and over,3,1874.5,85+
3175,VIC,Hybrid,1188, Not stated, 65-74 years,385,0,69.5
3175,VIC,Hybrid,1188, $150-$299, 20-24 years,379,224.5,22.0
3175,VIC,Hybrid,1188, $300-$399, 75-84 years,683,349.5,79.5
3175,VIC,Hybrid,1188, Negative/Nil income, 45-54 years,546,0,49.5
3175,VIC,Hybrid,1188, $800-$999, 35-44 years,942,899.5,39.5
3175,VIC,Hybrid,1188," $1,000-$1,249", 75-84 years,47,1124.5,79.5
3175,VIC,Hybrid,1188, Negative/Nil income, 75-84 years,201,0,79.5
3175,VIC,Hybrid,1188, Negative/Nil income, 15-19 years,1519,0,17.0
3175,VIC,Hybrid,1188, Not stated, 45-54 years,521,0,49.5
3175,VIC,Hybrid,1188," $1,000-$1,249", 85 years and over,16,1124.5,85+
3175,VIC,Hybrid,1188," $1,750-$1,999", 15-19 years,3,1874.5,17.0
3175,VIC,Hybrid,1188, $1-$149, 55-64 years,126,75.0,59.5
3175,VIC,Hybrid,1188," $1,000-$1,249", 20-24 years,317,1124.5,22.0
3175,VIC,Hybrid,1188, $300-$399, 15-19 years,104,349.5,17.0
3175,VIC,Hybrid,1188," $3,000-$3499", 25-34 years,53,3249.5,29.5
3175,VIC,Hybrid,1188, Total, 25-34 years,9625,0,29.5
3175,VIC,Hybrid,1188, Negative/Nil income, 85 years and over,80,0,85+
3175,VIC,Hybrid,1188, Negative/Nil income, 20-24 years,475,0,22.0
3175,VIC,Hybrid,1188, $150-$299, 85 years and over,76,224.5,85+
3175,VIC,Hybrid,1188, $500-$649, 25-34 years,630,574.5,29.5
3175,VIC,Hybrid,1188," $3,000-$3499", 35-44 years,76,3249.5,39.5
3175,VIC,Hybrid,1188," $1,000-$1,249", 25-34 years,1416,1124.5,29.5
3175,VIC,Hybrid,1188," $1,500-$1,749", 25-34 years,577,1624.5,29.5
3175,VIC,Hybrid,1188, $500-$649, 85 years and over,130,574.5,85+
3175,VIC,Hybrid,1188, $500-$649, 15-19 years,64,574.5,17.0
3175,VIC,Hybrid,1188, Not stated, 35-44 years,740,0,39.5
3175,VIC,Hybrid,1188, $1-$149, 35-44 years,133,75.0,39.5
3175,VIC,Hybrid,1188, Not stated, 25-34 years,960,0,29.5
3175,VIC,Hybrid,1188, $500-$649, 35-44 years,482,574.5,39.5
3175,VIC,Hybrid,1188, $300-$399, 20-24 years,294,349.5,22.0
3175,VIC,Hybrid,1188," $1,000-$1,249", 65-74 years,146,1124.5,69.5
3175,VIC,Hybrid,1188, $500-$649, 75-84 years,300,574.5,79.5
3175,VIC,Hybrid,1188, Negative/Nil income, 55-64 years,639,0,59.5
3175,VIC,Hybrid,1188, $150-$299, 45-54 years,292,224.5,49.5
3175,VIC,Hybrid,1188, $300-$399, 85 years and over,221,349.5,85+
3175,VIC,Hybrid,1188, $300-$399, 45-54 years,459,349.5,49.5
3175,VIC,Hybrid,1188," $3,000-$3499", 20-24 years,3,3249.5,22.0
3175,VIC,Hybrid,1188," $1,500-$1,749", 55-64 years,205,1624.5,59.5
3175,VIC,Hybrid,1188," $1,500-$1,749", 75-84 years,27,1624.5,79.5
3175,VIC,Hybrid,1188, $1-$149, 15-19 years,443,75.0,17.0
3175,VIC,Hybrid,1188, $650-$799, 75-84 years,143,724.5,79.5
3175,VIC,Hybrid,1188, $300-$399, 65-74 years,925,349.5,69.5
3175,VIC,Hybrid,1188, Negative/Nil income, 35-44 years,791,0,39.5
3175,VIC,Hybrid,1188, Not stated, 75-84 years,341,0,79.5
3175,VIC,Hybrid,1188," $1,500-$1,749", 65-74 years,66,1624.5,69.5
3175,VIC,Hybrid,1188," $2,000-$2,999", 20-24 years,13,2499.5,22.0
3175,VIC,Hybrid,1188, $400-$499, 15-19 years,54,449.5,17.0
3175,VIC,Hybrid,1188, $400-$499, 75-84 years,688,449.5,79.5
3175,VIC,Hybrid,1188, $150-$299, 55-64 years,331,224.5,59.5
3175,VIC,Hybrid,1188, Total, 65-74 years,4447,0,69.5
3175,VIC,Hybrid,1188, $1-$149, 20-24 years,150,75.0,22.0
3175,VIC,Hybrid,1188, $650-$799, 25-34 years,783,724.5,29.5
3175,VIC,Hybrid,1188," $1,500-$1,749", 15-19 years,3,1624.5,17.0
3175,VIC,Hybrid,1188, $800-$999, 65-74 years,227,899.5,69.5
3175,VIC,Hybrid,1188, Total, 55-64 years,5326,0,59.5
3175,VIC,Hybrid,1188," $1,750-$1,999", 45-54 years,213,1874.5,49.5
3175,VIC,Hybrid,1188, $650-$799, 35-44 years,688,724.5,39.5
3175,VIC,Hybrid,1188," $3,000-$3499", 45-54 years,38,3249.5,49.5
3175,VIC,Hybrid,1188, $800-$999, 75-84 years,69,899.5,79.5
3175,VIC,Hybrid,1188," $1,750-$1,999", 55-64 years,116,1874.5,59.5
3175,VIC,Hybrid,1188, Negative/Nil income, 25-34 years,1011,0,29.5
3175,VIC,Hybrid,1188," $1,250-$1,499", 75-84 years,17,1374.5,79.5
3175,VIC,Hybrid,1188, $1-$149, 65-74 years,124,75.0,69.5
3175,VIC,Hybrid,1188," $3,000-$3499", 75-84 years,5,3249.5,79.5
3175,VIC,Hybrid,1188, $400-$499, 25-34 years,429,449.5,29.5
3175,VIC,Hybrid,1188, $800-$999, 20-24 years,401,899.5,22.0
3175,VIC,Hybrid,1188," $2,000-$2,999", 35-44 years,384,2499.5,39.5
3175,VIC,Hybrid,1188," $1,250-$1,499", 45-54 years,476,1374.5,49.5
3175,VIC,Hybrid,1188, $500-$649, 45-54 years,461,574.5,49.5
3175,VIC,Hybrid,1188," $1,000-$1,249", 15-19 years,13,1124.5,17.0
3175,VIC,Hybrid,1188, Total, 75-84 years,2828,0,79.5
3175,VIC,Hybrid,1188," $1,250-$1,499", 25-34 years,879,1374.5,29.5
3175,VIC,Hybrid,1188," $3,500 or more", 45-54 years,50,3500+,49.5
3175,VIC,Hybrid,1188," $2,000-$2,999", 55-64 years,159,2499.5,59.5
3175,VIC,Hybrid,1188, Total, 15-19 years,2830,0,17.0
3175,VIC,Hybrid,1188," $1,750-$1,999", 20-24 years,29,1874.5,22.0
3175,VIC,Hybrid,1188, $650-$799, 85 years and over,45,724.5,85+
3175,VIC,Hybrid,1188," $1,250-$1,499", 55-64 years,320,1374.5,59.5
3175,VIC,Hybrid,1188," $1,750-$1,999", 75-84 years,5,1874.5,79.5
3175,VIC,Hybrid,1188, $150-$299, 25-34 years,383,224.5,29.5
3175,VIC,Hybrid,1188," $3,500 or more", 65-74 years,18,3500+,69.5
3175,VIC,Hybrid,1188, $400-$499, 45-54 years,372,449.5,49.5
3175,VIC,Hybrid,1188, Total, 35-44 years,7909,0,39.5
3175,VIC,Hybrid,1188," $1,500-$1,749", 35-44 years,514,1624.5,39.5
3175,VIC,Hybrid,1188, $650-$799, 65-74 years,274,724.5,69.5
3175,VIC,Hybrid,1188," $1,250-$1,499", 65-74 years,83,1374.5,69.5
3175,VIC,Hybrid,1188," $1,750-$1,999", 65-74 years,30,1874.5,69.5
3175,VIC,Hybrid,1188," $3,500 or more", 75-84 years,7,3500+,79.5
3175,VIC,Hybrid,1188, $650-$799, 55-64 years,379,724.5,59.5
3175,VIC,Hybrid,1188, $1-$149, 45-54 years,87,75.0,49.5
3175,VIC,Hybrid,1188, $500-$649, 20-24 years,374,574.5,22.0
3175,VIC,Hybrid,1188, $400-$499, 55-64 years,456,449.5,59.5
3175,VIC,Hybrid,1188, Total, 45-54 years,6032,0,49.5
3175,VIC,Hybrid,1188, Total, 20-24 years,3630,0,22.0
3175,VIC,Hybrid,1188, Total, 85 years and over,1233,0,85+
3175,VIC,Hybrid,1188," $3,500 or more", 20-24 years,4,3500+,22.0
3175,VIC,Hybrid,1188," $2,000-$2,999", 65-74 years,33,2499.5,69.5
3175,VIC,Hybrid,1188," $3,500 or more", 85 years and over,7,3500+,85+
3175,VIC,Hybrid,1188, $150-$299, 75-84 years,213,224.5,79.5
3175,VIC,Hybrid,1188," $1,250-$1,499", 35-44 years,684,1374.5,39.5
3175,VIC,Hybrid,1188," $1,750-$1,999", 25-34 years,336,1874.5,29.5
3175,VIC,Hybrid,1188, Not stated, 55-64 years,453,0,59.5
3175,VIC,Hybrid,1188, $800-$999, 25-34 years,1213,899.5,29.5
3175,VIC,Hybrid,1188," $3,500 or more", 55-64 years,41,3500+,59.5
3175,VIC,Hybrid,1188," $2,000-$2,999", 25-34 years,330,2499.5,29.5
3175,VIC,Hybrid,1188, $150-$299, 15-19 years,311,224.5,17.0
3175,VIC,Hybrid,1188, $400-$499, 35-44 years,368,449.5,39.5
3175,VIC,Hybrid,1188, $800-$999, 45-54 years,715,899.5,49.5
3175,VIC,Hybrid,1188," $1,250-$1,499", 20-24 years,154,1374.5,22.0
3175,VIC,Hybrid,1188, $400-$499, 85 years and over,412,449.5,85+
3175,VIC,Hybrid,1188," $2,000-$2,999", 45-54 years,221,2499.5,49.5
3175,VIC,Hybrid,1188," $3,500 or more", 35-44 years,60,3500+,39.5
3175,VIC,Hybrid,1188, $1-$149, 75-84 years,66,75.0,79.5
3175,VIC,Hybrid,1188, $650-$799, 15-19 years,43,724.5,17.0
3175,VIC,Hybrid,1188, $400-$499, 20-24 years,284,449.5,22.0
4350,QLD,Hybrid,1183," $1,750-$1,999", 65-74 years,212,1874.5,69.5
4350,QLD,Hybrid,1183, Negative/Nil income, 65-74 years,652,0,69.5
4350,QLD,Hybrid,1183, $800-$999, 25-34 years,2075,899.5,29.5
4350,QLD,Hybrid,1183," $1,000-$1,249", 15-19 years,78,1124.5,17.0
4350,QLD,Hybrid,1183, $1-$149, 45-54 years,167,75.0,49.5
4350,QLD,Hybrid,1183, $500-$649, 75-84 years,1087,574.5,79.5
4350,QLD,Hybrid,1183, $400-$499, 35-44 years,571,449.5,39.5
4350,QLD,Hybrid,1183, Total, 25-34 years,15863,0,29.5
4350,QLD,Hybrid,1183," $1,750-$1,999", 55-64 years,754,1874.5,59.5
4350,QLD,Hybrid,1183," $1,250-$1,499", 55-64 years,967,1374.5,59.5
4350,QLD,Hybrid,1183, Negative/Nil income, 15-19 years,2616,0,17.0
4350,QLD,Hybrid,1183, $500-$649, 85 years and over,423,574.5,85+
4350,QLD,Hybrid,1183," $1,500-$1,749", 20-24 years,277,1624.5,22.0
4350,QLD,Hybrid,1183, $650-$799, 45-54 years,936,724.5,49.5
4350,QLD,Hybrid,1183, Not stated, 35-44 years,731,0,39.5
4350,QLD,Hybrid,1183, $650-$799, 35-44 years,1089,724.5,39.5
4350,QLD,Hybrid,1183, Total, 75-84 years,7612,0,79.5
4350,QLD,Hybrid,1183, $500-$649, 25-34 years,1095,574.5,29.5
4350,QLD,Hybrid,1183, $150-$299, 35-44 years,456,224.5,39.5
4350,QLD,Hybrid,1183, Not stated, 85 years and over,509,0,85+
4350,QLD,Hybrid,1183, $300-$399, 75-84 years,1582,349.5,79.5
4350,QLD,Hybrid,1183, $650-$799, 65-74 years,1015,724.5,69.5
4350,QLD,Hybrid,1183," $1,750-$1,999", 85 years and over,14,1874.5,85+
4350,QLD,Hybrid,1183, $300-$399, 15-19 years,404,349.5,17.0
4350,QLD,Hybrid,1183," $1,500-$1,749", 45-54 years,1125,1624.5,49.5
4350,QLD,Hybrid,1183," $3,000-$3499", 25-34 years,134,3249.5,29.5
4350,QLD,Hybrid,1183, $1-$149, 20-24 years,182,75.0,22.0
4350,QLD,Hybrid,1183, $800-$999, 55-64 years,1174,899.5,59.5
4350,QLD,Hybrid,1183, $400-$499, 15-19 years,354,449.5,17.0
4350,QLD,Hybrid,1183," $3,000-$3499", 75-84 years,18,3249.5,79.5
4350,QLD,Hybrid,1183, $300-$399, 55-64 years,889,349.5,59.5
4350,QLD,Hybrid,1183," $1,250-$1,499", 25-34 years,1746,1374.5,29.5
4350,QLD,Hybrid,1183," $3,500 or more", 45-54 years,474,3500+,49.5
4350,QLD,Hybrid,1183," $1,500-$1,749", 65-74 years,296,1624.5,69.5
4350,QLD,Hybrid,1183," $1,000-$1,249", 75-84 years,254,1124.5,79.5
4350,QLD,Hybrid,1183, $300-$399, 25-34 years,724,349.5,29.5
4350,QLD,Hybrid,1183, $500-$649, 45-54 years,797,574.5,49.5
4350,QLD,Hybrid,1183, $1-$149, 15-19 years,1750,75.0,17.0
4350,QLD,Hybrid,1183, $650-$799, 20-24 years,1090,724.5,22.0
4350,QLD,Hybrid,1183, Not stated, 65-74 years,704,0,69.5
4350,QLD,Hybrid,1183," $1,250-$1,499", 85 years and over,38,1374.5,85+
4350,QLD,Hybrid,1183, Negative/Nil income, 25-34 years,635,0,29.5
4350,QLD,Hybrid,1183," $1,750-$1,999", 35-44 years,867,1874.5,39.5
4350,QLD,Hybrid,1183," $1,000-$1,249", 45-54 years,1551,1124.5,49.5
4350,QLD,Hybrid,1183, $300-$399, 20-24 years,558,349.5,22.0
4350,QLD,Hybrid,1183," $3,500 or more", 20-24 years,13,3500+,22.0
4350,QLD,Hybrid,1183, $300-$399, 35-44 years,561,349.5,39.5
4350,QLD,Hybrid,1183," $3,000-$3499", 55-64 years,231,3249.5,59.5
4350,QLD,Hybrid,1183, $400-$499, 65-74 years,1899,449.5,69.5
4350,QLD,Hybrid,1183, $150-$299, 65-74 years,716,224.5,69.5
4350,QLD,Hybrid,1183, Total, 45-54 years,13213,0,49.5
4350,QLD,Hybrid,1183," $1,000-$1,249", 35-44 years,1730,1124.5,39.5
4350,QLD,Hybrid,1183," $3,000-$3499", 65-74 years,59,3249.5,69.5
4350,QLD,Hybrid,1183, Negative/Nil income, 85 years and over,128,0,85+
4350,QLD,Hybrid,1183," $1,000-$1,249", 85 years and over,57,1124.5,85+
4350,QLD,Hybrid,1183, $1-$149, 25-34 years,185,75.0,29.5
4350,QLD,Hybrid,1183," $1,500-$1,749", 75-84 years,119,1624.5,79.5
4350,QLD,Hybrid,1183," $3,000-$3499", 35-44 years,251,3249.5,39.5
4350,QLD,Hybrid,1183, $650-$799, 75-84 years,594,724.5,79.5
4350,QLD,Hybrid,1183," $1,750-$1,999", 75-84 years,59,1874.5,79.5
4350,QLD,Hybrid,1183, $1-$149, 55-64 years,312,75.0,59.5
4350,QLD,Hybrid,1183, $300-$399, 45-54 years,650,349.5,49.5
4350,QLD,Hybrid,1183," $1,000-$1,249", 20-24 years,919,1124.5,22.0
4350,QLD,Hybrid,1183, Not stated, 55-64 years,646,0,59.5
4350,QLD,Hybrid,1183, $300-$399, 85 years and over,450,349.5,85+
4350,QLD,Hybrid,1183, Not stated, 15-19 years,401,0,17.0
4350,QLD,Hybrid,1183," $1,750-$1,999", 15-19 years,9,1874.5,17.0
4350,QLD,Hybrid,1183, Negative/Nil income, 55-64 years,844,0,59.5
4350,QLD,Hybrid,1183," $1,000-$1,249", 65-74 years,708,1124.5,69.5
4350,QLD,Hybrid,1183," $1,750-$1,999", 25-34 years,852,1874.5,29.5
4350,QLD,Hybrid,1183, Negative/Nil income, 35-44 years,549,0,39.5
4350,QLD,Hybrid,1183," $3,000-$3499", 85 years and over,10,3249.5,85+
4350,QLD,Hybrid,1183, $500-$649, 55-64 years,941,574.5,59.5
4350,QLD,Hybrid,1183, $300-$399, 65-74 years,1893,349.5,69.5
4350,QLD,Hybrid,1183, $1-$149, 75-84 years,156,75.0,79.5
4350,QLD,Hybrid,1183, $650-$799, 15-19 years,303,724.5,17.0
4350,QLD,Hybrid,1183, $150-$299, 85 years and over,158,224.5,85+
4350,QLD,Hybrid,1183, $150-$299, 20-24 years,546,224.5,22.0
4350,QLD,Hybrid,1183," $1,250-$1,499", 45-54 years,1237,1374.5,49.5
4350,QLD,Hybrid,1183," $3,500 or more", 55-64 years,331,3500+,59.5
4350,QLD,Hybrid,1183, $650-$799, 55-64 years,906,724.5,59.5
4350,QLD,Hybrid,1183," $3,000-$3499", 20-24 years,12,3249.5,22.0
4350,QLD,Hybrid,1183," $1,500-$1,749", 85 years and over,37,1624.5,85+
4350,QLD,Hybrid,1183," $2,000-$2,999", 35-44 years,1385,2499.5,39.5
4350,QLD,Hybrid,1183, Negative/Nil income, 75-84 years,264,0,79.5
4350,QLD,Hybrid,1183," $3,500 or more", 65-74 years,158,3500+,69.5
4350,QLD,Hybrid,1183, $150-$299, 75-84 years,379,224.5,79.5
4350,QLD,Hybrid,1183, Not stated, 25-34 years,937,0,29.5
4350,QLD,Hybrid,1183, $400-$499, 45-54 years,667,449.5,49.5
4350,QLD,Hybrid,1183," $1,500-$1,749", 25-34 years,1400,1624.5,29.5
4350,QLD,Hybrid,1183, $800-$999, 85 years and over,116,899.5,85+
4350,QLD,Hybrid,1183, $500-$649, 15-19 years,391,574.5,17.0
4350,QLD,Hybrid,1183, $500-$649, 20-24 years,847,574.5,22.0
4350,QLD,Hybrid,1183, $1-$149, 35-44 years,175,75.0,39.5
4350,QLD,Hybrid,1183, Total, 15-19 years,7608,0,17.0
4350,QLD,Hybrid,1183," $3,500 or more", 15-19 years,6,3500+,17.0
4350,QLD,Hybrid,1183," $2,000-$2,999", 55-64 years,1015,2499.5,59.5
4350,QLD,Hybrid,1183, Not stated, 45-54 years,701,0,49.5
4350,QLD,Hybrid,1183, $500-$649, 65-74 years,1532,574.5,69.5
4350,QLD,Hybrid,1183, $800-$999, 20-24 years,1276,899.5,22.0
4350,QLD,Hybrid,1183, Not stated, 20-24 years,503,0,22.0
4350,QLD,Hybrid,1183," $1,000-$1,249", 55-64 years,1465,1124.5,59.5
4350,QLD,Hybrid,1183, $400-$499, 25-34 years,677,449.5,29.5
4350,QLD,Hybrid,1183, $800-$999, 35-44 years,1486,899.5,39.5
4350,QLD,Hybrid,1183, $1-$149, 65-74 years,313,75.0,69.5
4350,QLD,Hybrid,1183, $1-$149, 85 years and over,81,75.0,85+
4350,QLD,Hybrid,1183, Negative/Nil income, 45-54 years,544,0,49.5
4350,QLD,Hybrid,1183, $650-$799, 85 years and over,210,724.5,85+
4350,QLD,Hybrid,1183," $1,750-$1,999", 20-24 years,128,1874.5,22.0
4350,QLD,Hybrid,1183," $1,500-$1,749", 55-64 years,803,1624.5,59.5
4350,QLD,Hybrid,1183," $2,000-$2,999", 15-19 years,7,2499.5,17.0
4350,QLD,Hybrid,1183, Total, 55-64 years,12714,0,59.5
4350,QLD,Hybrid,1183," $1,250-$1,499", 20-24 years,525,1374.5,22.0
4350,QLD,Hybrid,1183, $800-$999, 65-74 years,789,899.5,69.5
4350,QLD,Hybrid,1183, $150-$299, 55-64 years,477,224.5,59.5
4350,QLD,Hybrid,1183," $3,500 or more", 25-34 years,131,3500+,29.5
4350,QLD,Hybrid,1183, $150-$299, 45-54 years,404,224.5,49.5
4350,QLD,Hybrid,1183, $400-$499, 75-84 years,1820,449.5,79.5
4350,QLD,Hybrid,1183," $1,250-$1,499", 15-19 years,27,1374.5,17.0
4350,QLD,Hybrid,1183," $2,000-$2,999", 75-84 years,48,2499.5,79.5
4350,QLD,Hybrid,1183, $650-$799, 25-34 years,1408,724.5,29.5
4350,QLD,Hybrid,1183, Total, 65-74 years,11584,0,69.5
4350,QLD,Hybrid,1183," $3,500 or more", 85 years and over,28,3500+,85+
4350,QLD,Hybrid,1183," $1,000-$1,249", 25-34 years,2318,1124.5,29.5
4350,QLD,Hybrid,1183," $2,000-$2,999", 85 years and over,26,2499.5,85+
4350,QLD,Hybrid,1183, $800-$999, 75-84 years,380,899.5,79.5
4350,QLD,Hybrid,1183, $800-$999, 15-19 years,223,899.5,17.0
4350,QLD,Hybrid,1183, $400-$499, 55-64 years,955,449.5,59.5
4350,QLD,Hybrid,1183," $1,250-$1,499", 75-84 years,110,1374.5,79.5
4350,QLD,Hybrid,1183," $2,000-$2,999", 20-24 years,79,2499.5,22.0
4350,QLD,Hybrid,1183," $1,250-$1,499", 65-74 years,422,1374.5,69.5
4350,QLD,Hybrid,1183," $3,000-$3499", 45-54 years,279,3249.5,49.5
4350,QLD,Hybrid,1183, $400-$499, 85 years and over,989,449.5,85+
4350,QLD,Hybrid,1183," $3,500 or more", 75-84 years,59,3500+,79.5
4350,QLD,Hybrid,1183, Negative/Nil income, 20-24 years,383,0,22.0
4350,QLD,Hybrid,1183, $800-$999, 45-54 years,1270,899.5,49.5
4350,QLD,Hybrid,1183," $1,500-$1,749", 35-44 years,1162,1624.5,39.5
4350,QLD,Hybrid,1183," $1,750-$1,999", 45-54 years,921,1874.5,49.5
4350,QLD,Hybrid,1183, Total, 35-44 years,13656,0,39.5
4350,QLD,Hybrid,1183," $2,000-$2,999", 25-34 years,1004,2499.5,29.5
4350,QLD,Hybrid,1183," $1,500-$1,749", 15-19 years,11,1624.5,17.0
4350,QLD,Hybrid,1183, $150-$299, 15-19 years,1032,224.5,17.0
4350,QLD,Hybrid,1183," $2,000-$2,999", 65-74 years,227,2499.5,69.5
4350,QLD,Hybrid,1183, $500-$649, 35-44 years,894,574.5,39.5
4350,QLD,Hybrid,1183, $150-$299, 25-34 years,550,224.5,29.5
4350,QLD,Hybrid,1183," $2,000-$2,999", 45-54 years,1494,2499.5,49.5
4350,QLD,Hybrid,1183," $1,250-$1,499", 35-44 years,1333,1374.5,39.5
4350,QLD,Hybrid,1183, Total, 20-24 years,7849,0,22.0
4350,QLD,Hybrid,1183," $3,500 or more", 35-44 years,408,3500+,39.5
4350,QLD,Hybrid,1183, Total, 85 years and over,3283,0,85+
4350,QLD,Hybrid,1183, $400-$499, 20-24 years,516,449.5,22.0
4350,QLD,Hybrid,1183, Not stated, 75-84 years,686,0,79.5
